Product,Price,Brand,Core,RAM,ScrSize,GraphicCard,Drive_Type,Capacity,OperSystem,Weight,Madein,Since,Shop,URL
Laptop Acer Nitro Gaming AN515 57 74NU i7 11800H/8GB/512GB SSD/RTX 3050Ti 4GB/Win10 (No.00762456),29999000,Acer,Intel Core i7-11800H 4.60 GHz,8,15.6,NVIDIA GeForce RTX 3050Ti 4 GB & Intel UHD Graphics,SDD,512,Window,2.2,Trung Quốc,2021,FPTShop,https://fptshop.com.vn/may-tinh-xach-tay/acer-nitro-gaming-an515-57-74nu-i7-11800h
"Laptop MSI Modern 14 B11MOU 852VN i5 1155G7/8GB/512GB/14""FHD/Win 10 (No.00775505)",18799000,MSI,Intel Core i5-1155G7 4.50 GHz,8,14,Intel Iris Xe Graphics,SDD,512,Window,1.3,Trung Quốc,2021,FPTShop,https://fptshop.com.vn/may-tinh-xach-tay/msi-modern-14-b11mou-852vn-i5-1155g7
Laptop Dell Inspiron N3511 i3 1115G4/4GB/256GB/15.6FHD/Win 10+Office Home&Student (No.00775351),15299000,Dell,Intel Core i3-1115G4 4.10 GHz,4,15.6,Intel UHD Graphics,SDD,256,Window,1.7,Trung Quốc,2021,FPTShop,https://fptshop.com.vn/may-tinh-xach-tay/dell-inspiron-n3511-i3-1115g4
"Laptop Dell Vostro V3500 i3 1115G4/8GB/256GB/15.6""FHD/Win 10 (No.00741403)",15599000,Dell,Intel Core i3-1115G4 4.10 GHz,8,15.6,Intel UHD Graphics,SDD,256,Window,2,Trung Quốc,2021,FPTShop,https://fptshop.com.vn/may-tinh-xach-tay/dell-vostro-v3500-i3-1115g4
"Laptop Dell Inspiron N3511 i5 1135G7/4GB/512GB/15.6""FHD/Win 10+Office Home&Student (No.00775352)",19999000,Dell,Intel Core i5-1135G7 4.20 GHz,4,15.6,Intel Iris Xe Graphics,SDD,512,Window,1.7,Trung Quốc,2021,FPTShop,https://fptshop.com.vn/may-tinh-xach-tay/dell-inspiron-n3511-i5-1135g7
"Laptop MSI Gaming GF63 Thin 10SC-481VN i7 10750H/8GB/512GB/15.6""FHD/GTX 1650 Max-Q 4GB/Win 10 (No.00770717)",22999000,MSI,Intel Core i7-10750H 5.00 GHz,8,15.6,NVIDIA GeForce GTX 1650 Max-Q 4 GB,SDD,512,Window,1.9,Trung Quốc,2021,FPTShop,https://fptshop.com.vn/may-tinh-xach-tay/msi-gaming-gf63-thin-10sc-481vn-i7-10750h
"Laptop Dell Inspiron N5515 R5 5500U/8GB/256GB/15.6""FHD/Win 10+Office Home&Student (No.00776693)",18999000,Dell,AMD Ryzen 5-5500U 4 GHz,8,15.6,AMD Radeon RX Graphics Vega 7,SDD,256,Window,1.8,Trung Quốc,2021,FPTShop,https://fptshop.com.vn/may-tinh-xach-tay/dell-inspiron-n5515-r5-5500u
"Laptop Lenovo ThinkBook 14 G3 ACL R7 5700U/8GB/512GB/14""FHD/Win 10 (No.00774628)",21499000,Lenovo,AMD Ryzen 7-5700U 4.3GHz,8,14,AMD Radeon Graphics,SDD,512,Window,1.4,Trung Quốc,2021,FPTShop,https://fptshop.com.vn/may-tinh-xach-tay/lenovo-thinkbook-14-g3-acl-r7-5700u
"Laptop Dell Vostro V3400 i5 1135G7/8GB/256GB/14.0""FHD/Win 10+Office Home&Student (No.00775350)",18899000,Dell,Intel Core i5-1135G7 4.20 GHz,8,14,Intel UHD Graphics,SDD,256,Window,1.9,Trung Quốc,2020,FPTShop,https://fptshop.com.vn/may-tinh-xach-tay/dell-vostro-v3400-i5-1135g7-win-10
"Laptop Asus Vivobook A515EA-L11970T i5 1135G7/8GB/512GB SSD/15.6"" OLED/Win10 (No.00776406)",19999000,Asus,Intel Core i5-1135G7 4.20 GHz,8,15.6,Intel Iris Xe Graphics,SDD,512,Window,1.8,Trung Quốc,2021,FPTShop,https://fptshop.com.vn/may-tinh-xach-tay/asus-vivobook-a515ea-l11970t-i5-1135g7
Laptop Acer Nitro Gaming AN515-57-57MX i5 11400H/8GB/512GB SSD/RTX 3050Ti 4GB/Win10 (No.00772470),27499000,Acer,Intel Core i5-11400H 4.50 GHz,8,15.6,NVIDIA GeForce RTX 3050Ti 4 GB,SDD,512,Window,2.2,Trung Quốc,2021,FPTShop,https://fptshop.com.vn/may-tinh-xach-tay/acer-nitro-gaming-an515-57-57mx-i5-11400h
Laptop MSI Gaming Katana GF66 11UD 697VN i7 11800H/8GB/512GB/RTX 3050Ti 4GB/Win 10 (No.00772182),30999000,MSI,Intel Core i7-11800H 4.60 GHz,8,15.6,NVIDIA GeForce RTX 3050Ti 4 GB & Intel UHD Graphics,SDD,512,Window,2.1,Trung Quốc,2021,FPTShop,https://fptshop.com.vn/may-tinh-xach-tay/msi-gaming-gf66-11ud-697vn-i7-11800h
"Laptop Dell Inspiron N3502 N4020/4GB/128GB/15.6""HD/Intel HD/Win 10/NK (No.00779668)",10999000,Dell,Intel Celeron N4020 2.80 GHz,4,15.6,Intel UHD Graphics 600,SDD,128,Window,1.8,Mỹ,2020,FPTShop,https://fptshop.com.vn/may-tinh-xach-tay/dell-inspiron-n3502-celeron-n4020-win-10-nk
"Laptop Dell Inspiron N3505 R5 3450U/8GB/256GB/15.6""FHD Touch/AMD Radeon Vega 8/Win 10/NK (No.00775825)",17999000,Dell,AMD Ryzen 5-3450U 3.5 GHz,8,15.6,AMD Radeon Graphics,SDD,256,Window,2,Trung Quốc,2020,FPTShop,https://fptshop.com.vn/may-tinh-xach-tay/dell-inspiron-n3505-r5-3450u-win-10-nk
"Laptop Dell Inspiron N3510 Celeron N4020/4GB/128GB15.6""HD/Intel HD/Win 10/NK (No.00775823)",10999000,Dell,Intel Celeron N4020 2.80 GHz,4,15.6,Intel UHD Graphics 600,SDD,128,Window,1.7,Trung Quốc,2021,FPTShop,https://fptshop.com.vn/may-tinh-xach-tay/dell-inspiron-n3510-celeron-n4020-win-10-nk
"Laptop Dell Inspiron N3510 Pentium N5030/4GB/128GB/15.6""HD/Intel HD/Win 10/NK (No.00775824)",11699000,Dell,Intel Pentium N5030 3.10 GHz,4,15.6,Intel UHD Graphics 605,SDD,128,Window,1.7,Trung Quốc,2021,FPTShop,https://fptshop.com.vn/may-tinh-xach-tay/dell-inspiron-n3510-pentium-n5030-win-10-nk
Laptop MSI Gaming GF65 10UE 286VN i5 10500H/16GB/512GB/15.6FHD/RTX 3060 Max-Q 6Gb/Win 10 (No.00752176),29699000,MSI,Intel Core i5-10500H 4.50 GHz,16,15.6,NVIDIA GeForce RTX 3060 Max-Q 6GB,SDD,512,Window,1.9,Trung Quốc,2021,FPTShop,https://fptshop.com.vn/may-tinh-xach-tay/msi-gaming-gf65-10ue-286vn-i5-10500h
Laptop Acer Nitro Gaming AN515-57-54MV i5 11400H/8GB/512GB SSD/RTX 3050 4GB/Win11 (No.00775122),26499000,Acer,Intel Core i5-11400H 4.50 GHz,8,15.6,NVIDIA GeForce RTX 3050 4GB & Intel Iris Xe Graphics,SDD,512,Window,2.2,Trung Quốc,2021,FPTShop,https://fptshop.com.vn/may-tinh-xach-tay/acer-nitro-gaming-an515-57-54mv-i5-11400h
"Laptop HP Envy 13 ba1535TU i7 1165G7/8GB/512GB/13.3""FHD/Win 10 (No.00773702)",29899000,HP,Intel Core i7-1165G7 4.70 GHz,8,13.3,Intel Iris Xe Graphics,SDD,512,Window,1.2,Trung Quốc,2021,FPTShop,https://fptshop.com.vn/may-tinh-xach-tay/hp-envy-13-ba1535tu-i7-1165g7
"Laptop MSI Katana GF76 11UC 096VN i7 11800H/8GB/512GB/17.3""FHD/RTX3050 4Gb/Win 10 (No.00760885)",30299000,MSI,Intel Core i7-11800H 4.60 GHz,8,17.3,NVIDIA GeForce RTX 3050 4GB,SDD,512,Window,2.6,Trung Quốc,2021,FPTShop,https://fptshop.com.vn/may-tinh-xach-tay/msi-katana-gf76-11uc-096vn-i7-11800h
"Laptop IdeaPad Slim 3 15ITL6 i5 1135G7/8GB/512GB/15.6""FHD/Win 10 (No.00748425)",17999000,Lenovo,Intel Core i5-1135G7 4.20 GHz,8,15.6,Intel Iris Xe Graphics,SDD,512,Window,1.7,Trung Quốc,2021,FPTShop,https://fptshop.com.vn/may-tinh-xach-tay/lenovo-ideapad-slim-3-15itl6-i5-1135g7
Laptop Lenovo Yoga Slim 7 14ITL05 i5 1135G7/16GB/512GB/14”FHD/Win 10 (No.00736610),25199000,Lenovo,Intel Core i5-1135G7 4.20 GHz,16,14,Intel Iris Xe Graphics,SDD,512,Window,1.4,Trung Quốc,2021,FPTShop,https://fptshop.com.vn/may-tinh-xach-tay/lenovo-yoga-slim-7-14itl05-i5-1135g7
Laptop Acer Aspire Gaming A715 42G R4ST R5 5500U/8GB/256GB SSD/Nvidia GTX1650 4GB/Win10 (No.00745029),19999000,Acer,AMD Ryzen 5-5500U 4 GHz,8,15.6,NVIDIA GeForce GTX 1650 4 GB & AMD Radeon Graphics,SDD,256,Window,2.1,Trung Quốc,2021,FPTShop,https://fptshop.com.vn/may-tinh-xach-tay/acer-aspire-gaming-a715-42g-r4st-r5-5500u
"Laptop Dell Inspiron N3501C i3 1115G4/4GB/256GB/15.6""FHD/Win 10 (No.00740141)",14999000,Dell,Intel Core i3-1115G4 4.10 GHz,4,15.6,Intel UHD Graphics,SDD,256,Window,2,Trung Quốc,2021,FPTShop,https://fptshop.com.vn/may-tinh-xach-tay/dell-inspiron-n3501c-i3-1115g4
Laptop HP Pavilion 15 eg0509TU i3 1125G4/4GB/512GB/15.6''FHD/Win 10 (No.00768699),15999000,HP,Intel Core i3-1125G4 3.70 GHz,4,15.6,Intel UHD Graphics,SDD,512,Window,1.7,Trung Quốc,2021,FPTShop,https://fptshop.com.vn/may-tinh-xach-tay/hp-pavilion-15-eg0509tu-i3-1125g4
"Laptop Dell Vostro V3405 R5 3500U/4GB/256GB/14""FHD/Win 10 (No.00725639)",16499000,Dell,AMD Ryzen 5-3500U 3.7 GHz,4,14,AMD Radeon Graphics Vega 8,SDD,256,Window,1.7,Trung Quốc,2020,FPTShop,https://fptshop.com.vn/may-tinh-xach-tay/dell-vostro-v3405-r5-3500u-256gb
"Laptop Dell Vostro V3400 i3 1115G4/8GB/256GB/14.0""FHD/Win 10+Office Home& Student 19 (No.00775285)",15899000,Dell,Intel Core i3-1115G4 4.10 GHz,8,14,Intel UHD Graphics,SDD,256,Window,1.6,Trung Quốc,2020,FPTShop,https://fptshop.com.vn/may-tinh-xach-tay/dell-vostro-v3400-i3-1115g4-win10
"Dell Inspiron N3501B i5 1135G7/4GB/512GB/15.6""FHD/Win 10 (No.00752177)",18999000,Dell,Intel Core i5-1135G7 4.20 GHz,4,15.6,Intel Iris Xe Graphics,SDD,512,Window,2,Trung Quốc,2021,FPTShop,https://fptshop.com.vn/may-tinh-xach-tay/dell-inspiron-n3501b-i5-1135g7
Laptop Acer Predator Helios Gaming PH315-54-75YD i7 11800H/16GB/512GB SSD/RTX3060 6GB/Win10 (No.00773696),39999000,Acer,Intel Core i7-11800H 4.60 GHz,16,15.6,NVIDIA GeForce RTX 3060 6GB & Intel UHD Graphics 630,SDD,512,Window,2.3,Trung Quốc,2021,FPTShop,https://fptshop.com.vn/may-tinh-xach-tay/acer-predator-helios-gaming-ph315-54-75yd-i7-11800h
"Laptop Dell Inspiron N5510 i5 11300H/8GB/256GB/15.6""FHD/Office Home&Student (No.00777917)",22999000,Dell,Intel Core i5-11300H 4.40 GHz,8,15.6,Intel Iris Xe Graphics,SDD,256,Window,1.7,Trung Quốc,2021,FPTShop,https://fptshop.com.vn/may-tinh-xach-tay/dell-inspiron-n5510-i5-11300h
Laptop Lenovo Gaming 3 15IHU6 i7 11370H/ 8GB/512GB/RTX 3050 4GB/Win 10 (No.00771114),28999000,Lenovo,Intel Core i7-11370H 4.80 GHz,8,15.6,NVIDIA GeForce RTX 3050 4GB,SDD,512,Window,2.3,Trung Quốc,2021,FPTShop,https://fptshop.com.vn/may-tinh-xach-tay/lenovo-gaming-3-15ihu6-i7-11370h-rtx3050-4gb
"Laptop MSI Prestige 14EVO A11M-089VN i7 1185G7/16GB/512GB SSD/14""FHD/UMA/Win10 (No.00733803)",29999000,MSI,Intel Core i7-1185G7 4.80 GHz,16,14,Intel Iris Xe Graphics,SDD,512,Window,1.3,Trung Quốc,2020,FPTShop,https://fptshop.com.vn/may-tinh-xach-tay/msi-prestige-14evo-a11m-089vn-i7-1185g7
Laptop MSI Gaming Katana GF66 11UC 641VN i7 11800H/8GB/512GB/RTX 3050 4GB/Win 10 (No.00772181),29999000,MSI,Intel Core i7-11800H 4.60 GHz,8,15.6,NVIDIA GeForce RTX 3050 4GB & Intel UHD Graphics,SDD,512,Window,2.1,Trung Quốc,2021,FPTShop,https://fptshop.com.vn/may-tinh-xach-tay/msi-gaming-gf66-11uc-641vn-i7-11800h-rtx3050
"Laptop MSI Gaming Alpha 15 B5EEK 036VN R7 5800H/16GB/512GB/RX6600M 8GB/15.6""FHD/Win 10 (No.00773093)",36999000,MSI,AMD Ryzen 7-5800H 4.4 GHz,16,15.6,AMD Radeon RX 6600M 8 GB & AMD Radeon Graphics,SDD,512,Window,2.4,Trung Quốc,2021,FPTShop,https://fptshop.com.vn/may-tinh-xach-tay/msi-gaming-alpha-15-b5eek-036vn-r7-5800h
Laptop MSI Pulse GL66 11UDK 255VN i7 11800H/16GB/512GB/RTX3050 Ti 4GB/Win 10 (No.00764929),33999000,MSI,Intel Core i7-11800H 4.60 GHz,16,15.6,NVIDIA GeForce RTX 3050Ti 4 GB,SDD,512,Window,2.3,Trung Quốc,2021,FPTShop,https://fptshop.com.vn/may-tinh-xach-tay/msi-pulse-gl66-11udk-255vn-i7-11800h
Laptop MSI Gaming Stealth 15M A11UEK-232VN i7 11375H/16GB/512GB/15.6FHD/RTX 3060 Max-Q 6GB/Win 10 (No.00774426),41999000,MSI,Intel Core i7-11370H 4.80 GHz,16,15.6,NVIDIA GeForce RTX 3060 Max-Q 6GB & Intel UHD Graphics,SDD,512,Window,1.7,Trung Quốc,2021,FPTShop,https://fptshop.com.vn/may-tinh-xach-tay/msi-gaming-stealth-15m-a11uek-232vn-i7-11375h
Laptop Asus TUF Gaming FX516PM-HN002T i7 11370H/8GB/512GB SSD/RTX3060 6GB/Win10 (No.00779584),32999000,Asus,Intel Core i7-11370H 4.80 GHz,8,15.6,NVIDIA GeForce RTX 3060 6GB & Intel Iris Xe Graphics,SDD,512,Window,2,Trung Quốc,2021,FPTShop,https://fptshop.com.vn/may-tinh-xach-tay/asus-tuf-gaming-fx516pm-hn002t-i7-11370h
"Laptop Asus Vivobook M513UA-L1230T R5 5500U/8GB/512GB SSD/15.6"" OLED FHD/Win 10 (No.00770871)",18999000,Asus,AMD Ryzen 5-5500U 4 GHz,8,15.6,AMD Radeon Graphics,SDD,512,Window,1.8,Trung Quốc,2021,FPTShop,https://fptshop.com.vn/may-tinh-xach-tay/asus-vivobook-m513ua-l1230t-r5-5500u
"Laptop MSI Summit E13 Flip Evo A11MT- 220VN i7 1185G7/16GB/1TB SSD/13.4""FHD/Win 10 (No.00764754)",39999000,MSI,Intel Core i7-1185G7 4.80 GHz,16,13.4,Intel Iris Xe Graphics,SDD,1000,Window,1.4,Trung Quốc,2021,FPTShop,https://fptshop.com.vn/may-tinh-xach-tay/msi-summit-e13-flip-evo-a11mt-i7-1185g7
Laptop MSI Prestige 15 A11SC 037VN i7 1185G7/16GB/512GB/15.6FHD/GTX 1650 Max-Q 4GB/Win 10 (No.00774425),34999000,MSI,Intel Core i7-1185G7 4.80 GHz,16,15.6,NVIDIA GeForce GTX 1650 Max-Q 4 GB & Intel UHD Graphics,SDD,512,Window,1.7,Trung Quốc,2021,FPTShop,https://fptshop.com.vn/may-tinh-xach-tay/msi-prestige-15-a11sc-037vn-i7-1185g7
"Laptop Asus FLow Gaming GV301QC-K6052T R9 5900HS/16GB/512GB SSD/13.4""Touch/RTX 3050 4GB/Win10 (No.00772281)",39999000,Asus,AMD Ryzen 9-5900HX 4.6GHz,16,13.4,NVIDIA GeForce RTX 3050 4GB & AMD Radeon Graphics,SDD,512,Window,1.3,Trung Quốc,2021,FPTShop,https://fptshop.com.vn/may-tinh-xach-tay/asus-flow-gaming-gv301qc-k6052t-r9-5900hs
Laptop ASUS Gaming Zephyrus GA401IHR-HZ009T R7 4800HS/8GB/512GB SSD/GTX 1650 4GB/Win10 (No.00774631),27999000,Asus,AMD Ryzen 7-4800HS 4.2GHz,8,14,NVIDIA GeForce GTX 1650 4 GB & AMD Radeon Graphics,SDD,512,Window,1.6,Trung Quốc,2021,FPTShop,https://fptshop.com.vn/may-tinh-xach-tay/asus-gaming-zephyrus-ga401ihr-hz009t-r7-4800hs
Laptop Acer Triton Gaming PT315-53-75LQ i7 11800H/ 16GB/512GB SSD/RTX3060 6G/Win10 (No.00773092),44990000,Acer,Intel Core i7-11800H 4.60 GHz,16,15.6,NVIDIA GeForce RTX 3060 6GB,SDD,512,Window,2,Trung Quốc,2021,FPTShop,https://fptshop.com.vn/may-tinh-xach-tay/acer-triton-gaming-pt315-53-75lq-i7-11800h
Laptop Asus Vivobook X515EA-BQ1004T i3 1115G4/4GB/512GB SSD/Win10 (No.00773700),14199000,Asus,Intel Core i3-1115G4 4.10 GHz,4,15.6,Intel UHD Graphics,SDD,512,Window,1.8,Trung Quốc,2021,FPTShop,https://fptshop.com.vn/may-tinh-xach-tay/asus-vivobook-x515ea-bq1004t-i3-1115g4
"MacBook Pro 13"" 2020 Touch Bar 2.0GHz Core i5 512GB (No.00694878)",46999000,Macbook,Intel Core i5-10th-gen 4.30 GHz,16,13.3,Intel Iris Plus Graphics,SDD,512,Mac OS,1.4,Trung Quốc,2020,FPTShop,https://fptshop.com.vn/may-tinh-xach-tay/macbook-pro-13-2020-2-0-ghz-i5-512gb
Laptop Lenovo ThinkPad X1 Nano i5 1130G7/16GB/512GB/13”2K 450N SRGB/Win 10 (No.00756318),49999000,Lenovo,Intel Core i5-1130G7 4GHz,16,13,Intel Iris Xe Graphics,SDD,512,Window,0.9,Trung Quốc,2021,FPTShop,https://fptshop.com.vn/may-tinh-xach-tay/lenovo-thinkpad-x1-nano-i5-1130g7
Laptop Acer Triton Gaming PT315-53-71DJ i7 11800H/16GB/512GB SSD/RTX 3070 8GB/Win10 (No.00774531),50999000,Acer,Intel Core i7-11800H 4.60 GHz,16,15.6,NVIDIA GeForce RTX 3070 8GB,SDD,512,Window,2,Trung Quốc,2021,FPTShop,https://fptshop.com.vn/may-tinh-xach-tay/acer-triton-gaming-pt315-53-71dj-i7-11800h
Laptop Lenovo ThinkPad X1 Carbon 9 i5 1135G7/16GB/512GB/14”WUXGA/Win 10 Pro (No.00779954),47999000,Lenovo,Intel Core i5-1135G7 4.2GHz,16,14,Intel Iris Xe Graphics,SDD,512,Window,1.1,Trung Quốc,2021,FPTShop,https://fptshop.com.vn/may-tinh-xach-tay/lenovo-thinkpad-x1-carbon-9-i5-1135g7
"Laptop HP Gaming OMEN 16 b0141TX i5 11400H/16GB/1TB SSD + 32GB/RTX 3060 6GB/16.1""FHD/Win 10 (No.00773272)",43999000,HP,Intel Core i5-11400H 4.50 GHz,16,16.1,NVIDIA GeForce RTX 3060 6GB,SDD,1000,Window,2.3,Trung Quốc,2021,FPTShop,https://fptshop.com.vn/may-tinh-xach-tay/hp-gaming-omen-16-b0141tx-i5-11400h
Laptop Asus Zenbook UX371EA-HL494TS i7 1165G7/16GB/1TB SSD/13.3''OLED Touch/Win10+OfficeHome&Student (No.00781234),41999000,Asus,Intel Core i7-1165G7 4.70 GHz,16,13.3,Intel Iris Xe Graphics,SDD,1000,Window,1.2,Trung Quốc,2021,FPTShop,https://fptshop.com.vn/may-tinh-xach-tay/asus-zenbook-ux371ea-hl494ts-i7-1165g7
"MacBook Pro 13"" 2020 Touch Bar M1 16GB/256GB (No.00731803)",39999000,Macbook,Apple M1 3.2GHz,16,13.3,M1 8-Core GPU,SDD,256,Mac OS,1.4,Trung Quốc,2020,FPTShop,https://fptshop.com.vn/may-tinh-xach-tay/macbook-pro-13-2020-touch-bar-m1-ram-16gb?dung-luong=256gb
"Laptop HP Gaming OMEN 16 b0142TX i5 11400H/16GB/1TB SSD+32GB/RTX 3050Ti 4GB/16.1""FHD/Win 10 (No.00773273)",39999000,HP,Intel Core i5-11400H 4.50 GHz,16,16.1,NVIDIA GeForce RTX 3050Ti 4 GB,SDD,1000,Window,2.3,Trung Quốc,2021,FPTShop,https://fptshop.com.vn/may-tinh-xach-tay/hp-gaming-omen-16-b0142tx-i5-11400h
Laptop Asus Zenbook Duo UX482EA-KA268T i7 1165G7/16GB/1TB SSD/14.0'' FHD Touch/Win10 (No.00781233),39999000,Asus,Intel Core i7-1165G7 4.70 GHz,16,14,Intel Iris Xe Graphics,SDD,1000,Window,1.6,Trung Quốc,2021,FPTShop,https://fptshop.com.vn/may-tinh-xach-tay/asus-zenbook-duo-ux482ea-ka268t-i7-1165g7
"Laptop Dell Gaming G5 5500 i7 10750H/16GB/512GB/RTX 2070 8GB/15""6FHD/Win 10 (No.00768693)",37999000,Dell,Intel Core i7-10750H 5.00 GHz,16,15.6,NVIDIA GeForce RTX 2070 8 GB & Intel UHD Graphics 630,SDD,512,Window,2.4,Trung Quốc,2021,FPTShop,https://fptshop.com.vn/may-tinh-xach-tay/dell-gaming-g5-5500-i7-10750h-rtx-2070
"Laptop Dell Gaming G7 15 7500 i7 10750H/8GB/512GB/15.6""FHD/GTX1660Ti 6GB/Win 10 (No.00761228)",38999000,Dell,Intel Core i7-10750H 5.00 GHz,8,15.6,NVIDIA GeForce GTX 1660Ti 6 GB & Intel UHD Graphics,SDD,512,Window,2.6,Trung Quốc,2021,FPTShop,https://fptshop.com.vn/may-tinh-xach-tay/dell-gaming-g7-15-7500-i7-10750h
Laptop Acer Nitro Gaming AN515-45-R9SC R7 5800H/8GB/512GB SSD/RTX 3070 8GB/Win10 (No.00779869),39999000,Acer,AMD Ryzen 7-5800H 4.4 GHz,8,15.6,NVIDIA GeForce RTX 3070 8GB,SDD,512,Window,2.2,Trung Quốc,2021,FPTShop,https://fptshop.com.vn/may-tinh-xach-tay/acer-nitro-gaming-an515-45-r9sc-r7-5800h
"MacBook Pro 13"" 2020 Touch Bar M1 256GB (No.00725100)",34999000,Macbook,Apple M1 3.2GHz,8,13.3,M1 8-Core GPU,SDD,256,Mac OS,1.4,Trung Quốc,2020,FPTShop,https://fptshop.com.vn/may-tinh-xach-tay/macbook-pro-13-2020-touch-bar-m1-256gb
Laptop Dell Gaming G15 5511 i7 11800H/8GB/512GB/15.6FHD/NV-RTX3050 4GB_Win+Office HS (No.00783550),33999000,Dell,Intel Core i7-11800H 4.60 GHz,8,15.6,NVIDIA GeForce RTX 3050 4GB & Intel UHD Graphics,SDD,512,Window,2.8,Trung Quốc,2021,FPTShop,https://fptshop.com.vn/may-tinh-xach-tay/dell-gaming-g15-5511-i7-11800h
Laptop Asus Zenbook Duo UX482EA-KA274T i5 1135G7/8GB/512GB SSD/14.0'' FHD Touch /Win10 (No.00781232),32999000,Asus,Intel Core i5-1135G7 4.2GHz,8,14,Intel Iris Xe Graphics,SDD,512,Window,1.6,Trung Quốc,2021,FPTShop,https://fptshop.com.vn/may-tinh-xach-tay/asus-zenbook-duo-ux482ea-ka274t-i5-1135g7
Laptop Asus Zenbook Duo UX482EA-KA081T i5 1135G7/8GB/512GB SSD/14'' FHD Touch/Win10 (No.00773274),32999000,Asus,Intel Core i5-1135G7 4.2GHz,8,14,Intel Iris Xe Graphics,SDD,512,Window,1.6,Trung Quốc,2021,FPTShop,https://fptshop.com.vn/may-tinh-xach-tay/asus-zenbook-duo-ux482ea-ka081t-i5-1135g7
Laptop Acer Nitro Gaming AN515 57 5831 i5 11400H/8GB/512GB SSD/RTX 3060 6GB/Win10 (No.00762457),32999000,Acer,Intel Core i5-11400H 4.50 GHz,8,15.6,NVIDIA GeForce RTX 3060 6GB & Intel UHD Graphics,SDD,512,Window,2.2,Trung Quốc,2021,FPTShop,https://fptshop.com.vn/may-tinh-xach-tay/acer-nitro-gaming-an515-57-5831-i5-11400h
"Laptop Microsoft Surface Pro 7 i5 1035G4/8GB/256GB SSD/12.3"" Touch/Bàn phím/Win 10 (No.00734881)",31999000,Microsoft,Intel Core i5-1035G4 3.7GHz,8,12.3,Intel Iris Plus Graphics,SDD,256,Window,0.8,Trung Quốc,2019,FPTShop,https://fptshop.com.vn/may-tinh-xach-tay/microsoft-surface-pro-7-core-i5-1035g4-type-cover?dung-luong=256gb
"Laptop Asus Vivobook Pro M3500QC-L1085T R7 5800H/16GB/512GB SSD/15.6"" OLED/Nvidia RTX 3050 4GB/Win10 (No.00781231)",29999000,Asus,AMD Ryzen 7-5800H 4.4 GHz,16,15.6,NVIDIA GeForce RTX 3050 4GB & AMD Radeon Graphics,SDD,512,Window,1.7,Trung Quốc,2021,FPTShop,https://fptshop.com.vn/may-tinh-xach-tay/asus-vivobook-pro-m3500qc-l1085t-r7-5800h
Laptop Acer Nitro Gaming AN515-57-720A i7 11800H/8GB/512GB SSD/Nvidia RTX3050Ti 4GB/Win11 (No.00783549),30499000,Acer,Intel Core i7-11800H 4.60 GHz,8,15.6,NVIDIA GeForce RTX 3050Ti 4 GB & Intel UHD Graphics,SDD,512,Window,2.2,Trung Quốc,2021,FPTShop,https://fptshop.com.vn/may-tinh-xach-tay/acer-nitro-gaming-an515-57-720a-i7-11800h
"MacBook Air 13"" 2020 M1 256GB (No.00725095)",28999000,Macbook,Apple M1 3.2GHz,8,13.3,M1 7-Core GPU,SDD,256,Mac OS,1.3,Trung Quốc,2020,FPTShop,https://fptshop.com.vn/may-tinh-xach-tay/macbook-air-13-2020-m1-256gb
"Laptop Gigabyte Gaming G5 MD i5 11400H/16GB/ 512GB/15.6""FHD/RTX3050Ti 4GB/Win 10 (No.00773264)",29999000,GIGABYTE,Intel Core i5-11400H 4.50 GHz,16,15.6,NVIDIA GeForce RTX 3050Ti 4 GB & Intel UHD Graphics,SDD,512,Window,2.2,Trung Quốc,2021,FPTShop,https://fptshop.com.vn/may-tinh-xach-tay/gigabyte-gaming-g5-md-i5-11400h
Laptop Lenovo Yoga Slim 7 14ITL05 i7 1165G7/16GB/512GB/14”FHD/Win 11 (No.00783880),30299000,Lenovo,Intel Core i7-1165G7 4.70 GHz,16,14,Intel Iris Xe Graphics,SDD,512,Window,1.4,Trung Quốc,2021,FPTShop,https://fptshop.com.vn/may-tinh-xach-tay/lenovo-yoga-slim-7-14itl05-i7-1165g7?he-dieu-hanh=win-11
Laptop Asus TUF Gaming FX706HC-HX009T i7 11800H/ 8GB/512GB SSD/RTX 3050 4GB/Win10 (No.00773699),29999000,Asus,Intel Core i7-11800H 4.60 GHz,8,17.3,NVIDIA GeForce RTX 3050 4GB & Intel Iris Xe Graphics,SDD,512,Window,2.6,Trung Quốc,2021,FPTShop,https://fptshop.com.vn/may-tinh-xach-tay/asus-tuf-gaming-fx706hc-hx009t-i7-11800h
Laptop HP Pavilion Gaming 15 dk1159TX i7 10750H/8GB/512GB+32GB/1650Ti 4GB/Win 10 (No.00750390),27990000,HP,Intel Core i7-10750H 5.00 GHz,8,15.6,NVIDIA GeForce GTX 1650Ti 4 GB & Intel UHD Graphics,SDD,512,Window,2.2,Trung Quốc,2021,FPTShop,https://fptshop.com.vn/may-tinh-xach-tay/hp-pavillion-gaming-15-dk1159tx-i7-10750h
Laptop Asus Gaming TUF FX516PC-HN001T i7 11370H/8GB/512GB SSD/ RTX 3050 4GB/Win10 (No.00773508),28990000,Asus,Intel Core i7-11370H 4.80 GHz,8,15.6,NVIDIA GeForce RTX 3050 4GB & Intel Iris Xe Graphics,SDD,512,Window,2,Trung Quốc,2021,FPTShop,https://fptshop.com.vn/may-tinh-xach-tay/asus-gaming-tuf-fx516pc-hn001t-i7-11370h
"Laptop Asus TUF Gaming FX506HCB-HN141T i7 11800H/8GB/512GB SSD/15.6"" FHD/Nvidia RTX3050 4GB/Win10 (No.00772153)",28499000,Asus,Intel Core i7-11800H 4.60 GHz,8,15.6,NVIDIA GeForce RTX 3050 4GB & Intel UHD Graphics,SDD,512,Window,2.3,Trung Quốc,2021,FPTShop,https://fptshop.com.vn/may-tinh-xach-tay/asus-tuf-gaming-fx506hcb-hn141t-i7-11800h
HP Envy x360 13 ay0069AU R7 4700U/8GB/256GB/13.3FHDTouch/Win 10+Office Home&Student (No.00706730),27199000,HP,AMD Ryzen 7-4700U 4.2GHz,8,13.3,AMD Radeon Graphics,SDD,256,Window,1.3,Trung Quốc,2020,FPTShop,https://fptshop.com.vn/may-tinh-xach-tay/hp-envy-x360-13-ay0069au-r7-4700u
Laptop Acer Nitro Gaming AN515-57-71VV i7 11800H/8GB/512GB SSD/Nvidia RTX3050 4GB/Win11 (No.00783548),28999000,Acer,Intel Core i7-11800H 4.60 GHz,8,15.6,NVIDIA GeForce RTX 3050 4GB & Intel UHD Graphics,SDD,512,Window,2.2,Trung Quốc,2021,FPTShop,https://fptshop.com.vn/may-tinh-xach-tay/acer-nitro-gaming-an515-57-71vv-i7-11800h
"Laptop Asus Zenbook Flip UX363EA-HP532T i5 1135G7/8GB/512GB SSD/13.3"" OLED Touch/Win10 (No.00783669)",27999000,Asus,Intel Core i5-1135G7 4.2GHz,8,13.3,Intel Iris Xe Graphics,SDD,512,Window,1.3,Trung Quốc,2021,FPTShop,https://fptshop.com.vn/may-tinh-xach-tay/asus-zenbook-flip-ux363ea-hp532t-i5-1135g7
"Laptop Asus Zenbook Flip UX363EA-HP726W i5 1135G7/8GB/512GB SSD/13.3"" OLED Touch/Win11 (No.00783670)",27999000,Asus,Intel Core i5-1135G7 4.2GHz,8,13.3,Intel Iris Xe Graphics,SDD,512,Window,1.3,Trung Quốc,2021,FPTShop,https://fptshop.com.vn/may-tinh-xach-tay/asus-zenbook-flip-ux363ea-hp726w-i5-1135g7
"Laptop Asus Vivobook Pro M3500QC-L1105T R5 5600H/8GB/512GB SSD/15.6"" OLED/Nvidia RTX3050 4GB/Win10 (No.00781230)",26599000,Asus,AMD Ryzen 5-5600H 4.2GHz,8,15.6,NVIDIA GeForce RTX 3050 4GB & AMD Radeon Graphics,SDD,512,Window,1.7,Trung Quốc,2021,FPTShop,https://fptshop.com.vn/may-tinh-xach-tay/asus-vivobook-pro-m3500qc-l1105t-r5-5600h
"Laptop Dell Inspiron N3511 i7 1165G7/8GB/512GB/5.6""FHD/MX350 2GB/Win 10+OHS 19 (No.00784632)",26499000,Dell,Intel Core i7-1165G7 4.70 GHz,8,15.6,NVIDIA GeForce MX250 2 GB & Intel Iris Xe Graphics,SDD,512,Window,1.7,Trung Quốc,2021,FPTShop,https://fptshop.com.vn/may-tinh-xach-tay/dell-inspiron-n3511-i7-1165g7
"Laptop Gigabyte U4 UD i7 1195G7/16GB/512GB/14""FHD/Win 11 (No.00784627)",26999000,GIGABYTE,Intel Core i7-1195G7 5GHz,16,14,Intel Iris Xe Graphics,SDD,512,Window,1,Trung Quốc,2021,FPTShop,https://fptshop.com.vn/may-tinh-xach-tay/gigabyte-u4-ud-i7-1195g7
"Laptop Dell Vostro V3400 i7 1165G7/8GB/512GB/14""FHD/VGA MX330 2GB/Win 10 (No.00741402)",25999000,Dell,Intel Core i7-1165G7 4.70 GHz,8,14,NVIDIA GeForce MX330 2 GB & Intel Iris Xe Graphics,SDD,512,Window,1.8,Trung Quốc,2021,FPTShop,https://fptshop.com.vn/may-tinh-xach-tay/dell-vostro-v3400-i7-1165g7
"Laptop Lenovo Yoga 7 14ACN6 R7 5800U/8GB/512GB/14.0""FHD/Win 10 (No.00780897)",26999000,Lenovo,AMD Ryzen 7-5800U 4.4GHz,8,14,AMD Radeon Graphics,SDD,512,Window,1.5,Trung Quốc,2021,FPTShop,https://fptshop.com.vn/may-tinh-xach-tay/lenovo-yoga-7-14acn6-r7-5800u
Laptop HP Probook 440 G8 i7 1165G7 /16GB/512GB/Intel Graphics/14''FHD/Win 10 (No.00756422),25190000,HP,Intel Core i7-1165G7 4.70 GHz,16,14,Intel Iris Xe Graphics,SDD,512,Window,1.4,Trung Quốc,2021,FPTShop,https://fptshop.com.vn/may-tinh-xach-tay/hp-probook-440-g8-i7-1165g7
"Laptop Gigabyte Gaming G5 GD i5 11400H/16GB/ 512GB/15.6""FHD/RTX3050 4GB/Win 10 (No.00783651)",26999000,GIGABYTE,Intel Core i5-11400H 4.50 GHz,16,15.6,NVIDIA GeForce RTX 3050 4GB & Intel UHD Graphics,SDD,512,Window,2.2,Trung Quốc,2021,FPTShop,https://fptshop.com.vn/may-tinh-xach-tay/gigabyte-gaming-g5-gd-i5-11400h
"Laptop Microsoft Surface Pro 7 i5 1035G4/8GB/128GB SSD/12.3"" Touch/Win10 (No.00734878)",25999000,Microsoft,Intel Core i5-1035G4 3.7GHz,8,12.3,Intel Iris Plus Graphics,SDD,128,Window,0.8,Trung Quốc,2019,FPTShop,https://fptshop.com.vn/may-tinh-xach-tay/microsoft-surface-pro-7-core-i5-1035g4?dung-luong=128gb
Laptop ASUS Gaming TUF FX506HCB-HN1138W i5 11400H/8GB/512GB SSD/Nvidia RTX3050_4GB/Win11 (No.00783937),25999000,Asus,Intel Core i5-11400H 4.50 GHz,8,15.6,NVIDIA GeForce RTX 3050 4GB & Intel UHD Graphics,SDD,512,Window,2.3,Trung Quốc,2021,FPTShop,https://fptshop.com.vn/may-tinh-xach-tay/asus-gaming-tuf-fx506hcb-hn1138w-i5-11400h
Laptop Asus Gaming TUF FX506HCB-HN139T i5 11400H/8GB/512GB SSD/ RTX 3050 4GB/Win10 (No.00773509),25990000,Asus,Intel Core i5-11400H 4.50 GHz,8,15.6,NVIDIA GeForce RTX 3050 4GB & Intel UHD Graphics,SDD,512,Window,2.3,Trung Quốc,2021,FPTShop,https://fptshop.com.vn/may-tinh-xach-tay/asus-gaming-tuf-fx506hcb-hn139t-i5-11400h
"Laptop MSI Gaming Bravo 15 B5DD 275VN R7 5800H/8GB/512GB/15.6""FHD/RX5500M 4GB/Win 11 (No.00784626)",25499000,MSI,AMD Ryzen 7-5800H 4.4 GHz,8,15.6,AMD Radeon RX 5500M 4 GB & AMD Radeon Graphics Vega 8,SDD,512,Window,2.4,Trung Quốc,2021,FPTShop,https://fptshop.com.vn/may-tinh-xach-tay/msi-gaming-bravo-15-b5dd-275vn-r7-5800h
"Laptop Dell Inspiron N3501 i7 1165G7/8GB/512GB/GF MX330 2GB/15.6""FHD/Win 10/Office Home&S (No.00775287)",24599000,Dell,Intel Core i7-1165G7 4.70 GHz,8,15.6,NVIDIA GeForce MX330 2 GB & Intel Iris Xe Graphics,SDD,512,Window,2,Trung Quốc,2020,FPTShop,https://fptshop.com.vn/may-tinh-xach-tay/dell-inspiron-n3501-i7-1165g7-win10
"Laptop Fujitsu CH 9C13A1 i5 1135G7/8GB/512GB/13.3""FHD/Win 10 (No.00773584)",23799000,Fujitsu,Intel Core i5-1135G7 4.2GHz,8,13.3,Intel Iris Xe Graphics,SDD,512,Window,1,Trung Quốc,2021,FPTShop,https://fptshop.com.vn/may-tinh-xach-tay/fujitsu-ch-9c13a1-i5-1135g7
Laptop Asus Zenbook UX425EA KI429T i5 1135G7/8GB/512GB SSD/Win 10 (No.00758225),23999000,Asus,Intel Core i5-1135G7 4.2GHz,8,14,Intel Iris Xe Graphics,SDD,512,Window,1.2,Trung Quốc,2021,FPTShop,https://fptshop.com.vn/may-tinh-xach-tay/asus-zenbook-ux425ea-ki429t-i5-1135g7
"Laptop Dell Vostro V5410 i5 11320H/8GB/512GB/14.0""FHD/Win 10+Office Home&Student (No.00783649)",23699000,Dell,Intel Core i5-11320H 3.2GHz,8,14,Intel Iris Xe Graphics,SDD,512,Window,1.4,Trung Quốc,2021,FPTShop,https://fptshop.com.vn/may-tinh-xach-tay/dell-vostro-v5410-i5-11320h
Laptop Acer Nitro Gaming AN515 56 51N4 i5 11300H/8GB/512GB SSD/Nvidia GTX1650 4GB/Win10 (No.00748426),23999000,Acer,Intel Core i5-11300H 4.40 GHz,8,15.6,NVIDIA GeForce GTX 1650 4 GB,SDD,512,Window,2.2,Trung Quốc,2021,FPTShop,https://fptshop.com.vn/may-tinh-xach-tay/acer-nitro-gaming-an515-56-51n4-i5-11300h
Laptop Asus Vivobook A515EP-BQ196T i7 1165G7/8GB/512GB SSD/ MX330 2GB/Win10 (No.00773094),23499000,Asus,Intel Core i7-1165G7 4.70 GHz,8,15.6,NVIDIA GeForce MX330 2 GB & Intel Iris Xe Graphics,SDD,512,Window,1.8,Trung Quốc,2021,FPTShop,https://fptshop.com.vn/may-tinh-xach-tay/asus-vivobook-a515ep-bq196t-i7-1165g7
Laptop Acer Nitro Gaming AN515-57-56S5 i5 11400H/8GB/512GB SSD/15.6''FHD/Nvidia GTX1650-4GB/Win11 (No.00781571),23999000,Acer,Intel Core i5-11400H 4.50 GHz,8,15.6,NVIDIA GeForce GTX 1650 4 GB,SDD,512,Window,2.2,Trung Quốc,2021,FPTShop,https://fptshop.com.vn/may-tinh-xach-tay/acer-nitro-gaming-an515-57-56s5-i5-11400h
"Laptop Dell Inspiron N3511 i5 1135G7/8GB/512GB/15.6""FHD/MX350 2GB/Win 10+Office Home Student (No.00784631)",22999000,Dell,Intel Core i5-1135G7 4.2GHz,8,15.6,NVIDIA GeForce MX250 2 GB & Intel Iris Xe Graphics,SDD,512,Window,1.7,Trung Quốc,2021,FPTShop,https://fptshop.com.vn/may-tinh-xach-tay/dell-inspiron-n3511-i5-1135g7-mx350
"Laptop Asus Vivobook Pro M3401QA-KM040T R7 5800H/8GB/512GB SSD/14"" OLED WQXGA+/Win10 (No.00776409)",22999000,Asus,AMD Ryzen 7-5800H 4.4 GHz,8,14,AMD Radeon Graphics,SDD,512,Window,1.4,Trung Quốc,2021,FPTShop,https://fptshop.com.vn/may-tinh-xach-tay/asus-vivobook-pro-m3401qa-km040t-r7-5800h
Laptop Acer Nitro Gaming AN515 45 R3SM R5 5600H/8G/512GB SSD/GTX1650-4GB/Win10 (No.00750982),23499000,Acer,AMD Ryzen 5-5600H 4.2GHz,8,15.6,NVIDIA GeForce GTX 1650 4 GB & AMD Radeon Graphics,SDD,512,Window,2.2,Trung Quốc,2021,FPTShop,https://fptshop.com.vn/may-tinh-xach-tay/acer-nitro-gaming-an515-45-r3sm-r5-5600h
"Laptop HP Pavilion 15 eg0504TU i7 1165G7/8GB/512GB/15.6""FHD/Win 11 (No.00776691)",22699000,HP,Intel Core i7-1165G7 4.70 GHz,8,15.6,Intel Iris Xe Graphics,SDD,512,Window,1.7,Trung Quốc,2021,FPTShop,https://fptshop.com.vn/may-tinh-xach-tay/hp-pavilion-15-eg0504tu-i7-1165g7?he-dieu-hanh=win-11
Laptop Dell Inspiron N3501 i5 1135G7/8GB/512GB/GF MX330 2GB/15.6FHD/Win 10+Office Home&Student (No.00775286),22499000,Dell,Intel Core i5-1135G7 4.2GHz,8,15.6,NVIDIA GeForce MX330 2 GB & Intel Iris Xe Graphics,SDD,512,Window,2,Trung Quốc,2020,FPTShop,https://fptshop.com.vn/may-tinh-xach-tay/dell-inspiron-n3501-i5-1135g7-win10
"Laptop MSI Modern 14 B11SBU 668VN i5 1155G7/8GB/512GB/14""FHD/MX450_2GB/Win 10 (No.00784499)",22499000,MSI,Intel Core i5-1155G7 4.5GHz,8,14,NVIDIA GeForce MX450 2GB & Intel Iris Xe Graphics,SDD,512,Window,1.3,Trung Quốc,2021,FPTShop,https://fptshop.com.vn/may-tinh-xach-tay/msi-modern-14-b11sbu-668vn-i5-1155g7
"Laptop MSI Gaming Bravo 15 B5DD 276VN R5 5600H/8GB/512GB/15.6""FHD/RX5500M_4GB/Win 11 (No.00784625)",22499000,MSI,AMD Ryzen 5-5600H 4.2GHz,8,14,AMD Radeon RX 5500M 4 GB & AMD Radeon Graphics Vega 8,SDD,512,Window,2.4,Trung Quốc,2021,FPTShop,https://fptshop.com.vn/may-tinh-xach-tay/msi-gaming-bravo-15-b5dd-276vn-r5-5600h
"Laptop MSI Gaming Bravo 15 B5DD 217VN R5 5600H/8GB/512GB/15.6""FHD/RX5500M 4GB/Win 11 (No.00783652)",21999000,MSI,AMD Ryzen 5-5600H 4.2GHz,8,15.6,AMD Radeon RX 5500M 4 GB,SDD,512,Window,2.4,Trung Quốc,2021,FPTShop,https://fptshop.com.vn/may-tinh-xach-tay/msi-gaming-bravo-15-b5dd-217vn-r5-5600h
"Laptop MSI Modern 14 B11MOU 460VN i7 1165G7/8GB/512GB/14""FHD/Win 10 (No.00772098)",21999000,MSI,Intel Core i7-1195G7 5GHz,8,14,Intel Iris Xe Graphics,SDD,512,Window,1.3,Trung Quốc,2021,FPTShop,https://fptshop.com.vn/may-tinh-xach-tay/msi-modern-14-b11mou-460vn-i7-1165g7
Laptop Acer Aspire Gaming A715-42G-R05G R5 5500U/8GB/512GB SSD/Nvidia GTX1650 4GB/Win11 (No.00783547),21999000,Acer,AMD Ryzen 5-5500U 4 GHz,8,15.6,NVIDIA GeForce GTX 1650 4 GB & AMD Radeon Graphics,SDD,512,Window,2.1,Trung Quốc,2021,FPTShop,https://fptshop.com.vn/may-tinh-xach-tay/acer-aspire-gaming-a715-42g-r05g-r5-5500u
"Laptop MSI Modern 15 A5M 235VN R7 5700U/8GB/512GB/15.6""FHD/Win 11 (No.00783935)",19990000,MSI,AMD Ryzen 7-5700U 4.3GHz,8,15.6,AMD Radeon Graphics,SDD,512,Window,1.6,Trung Quốc,2021,FPTShop,https://fptshop.com.vn/may-tinh-xach-tay/msi-modern-15-a5m-235vn-r7-5700u
Laptop Asus Vivobook Flip TM420UA-EC024T R7 5700U/8GB/512GB SSD/14''FHD touch/Win10 (No.00781572),20499000,Asus,AMD Ryzen 7-5700U 4.3GHz,8,14,AMD Radeon Graphics,SDD,512,Window,1.5,Trung Quốc,2021,FPTShop,https://fptshop.com.vn/may-tinh-xach-tay/asus-vivobook-flip-tm420ua-ec024t-r7-5700u
"Laptop Dell Inspiron N5415 R5 5500U/8GB/256GB/14""FHD/Win 10+Office Home& Student (No.00781536)",19799000,Dell,AMD Ryzen 5-5500U 4 GHz,8,14,AMD Radeon Graphics,SDD,256,Window,1.4,Trung Quốc,2021,FPTShop,https://fptshop.com.vn/may-tinh-xach-tay/dell-inspiron-n5415-r5-5500u
Laptop Acer Aspire Gaming A715-42G-R1SB R5 5500U/8GB/256GB SSD/Nvidia GTX1650 4GB/Win10 (No.00782651),20999000,Acer,AMD Ryzen 5-5500U 4 GHz,8,15.6,NVIDIA GeForce GTX 1650 4 GB & AMD Radeon Graphics,SDD,256,Window,2.1,Trung Quốc,2021,FPTShop,https://fptshop.com.vn/may-tinh-xach-tay/acer-aspire-gaming-a715-42g-r1sb-r5-5500u
Laptop Acer Swift 3 SF314-43-R4X3 R5 5500U/16GB/512GB SSD/Win11 (No.00783546),20999000,Acer,AMD Ryzen 5-5500U 4 GHz,16,14,AMD Radeon Graphics,SDD,512,Window,1.2,Trung Quốc,2021,FPTShop,https://fptshop.com.vn/may-tinh-xach-tay/acer-swift-3-sf314-43-r4x3-r5-5500u
Laptop Asus Vivobook A515EP-BQ496T i5 1135G7/8GB/512GB SSD/Nvidia MX330 2GB/Win10 (No.00773278),20099000,Asus,Intel Core i5-1135G7 4.2GHz,8,15.6,NVIDIA GeForce MX330 2 GB & Intel Iris Xe Graphics,SDD,512,Window,1.8,Trung Quốc,2021,FPTShop,https://fptshop.com.vn/may-tinh-xach-tay/asus-vivobook-a515ep-bq496t-i5-1135g7-mx330-2gb
Laptop Asus VivoBook M413IA-EK481T R7 4700U/8GB/1TB SSD/WIN10 (No.00711464),19999000,Asus,AMD Ryzen 7-4700U 4.2GHz,8,14,AMD Radeon Graphics,SDD,1000,Window,1.5,Trung Quốc,2020,FPTShop,https://fptshop.com.vn/may-tinh-xach-tay/asus-vivobook-m413ia-ek481t-r7-4700u
"Laptop Dell Vostro V5515 R3 5300U/8GB/256GB/15.6""FHD/Win 10+Office Home& Student (No.00781535)",18599000,Dell,AMD Ryzen 3-5300U 3.8GHz,8,15.6,AMD Radeon Graphics,SDD,256,Window,1.7,Trung Quốc,2021,FPTShop,https://fptshop.com.vn/may-tinh-xach-tay/dell-vostro-v5515-r3-5300u
"Microsoft Surface Laptop Go i5 1035G1/8GB/128GB/12.4"" Touch/Win10 (No.00775354)",19999000,Microsoft,Intel Core i5-1035G1 3.6GHz,8,12.4,Intel UHD Graphics,SDD,128,Window,1.1,Trung Quốc,2020,FPTShop,https://fptshop.com.vn/may-tinh-xach-tay/microsoft-surface-go-i5-1035g1?dung-luong=128gb
"Laptop HP Pavilion 14 dv0510TU i5 1135G7/8GB/512GB/14""FHD/Win 10 (No.00781184)",18499000,HP,Intel Core i5-1135G7 4.2GHz,8,14,Intel Iris Xe Graphics,SDD,512,Window,1.4,Trung Quốc,2021,FPTShop,https://fptshop.com.vn/may-tinh-xach-tay/hp-pavilion-14-dv0510tu-i5-1135g7?he-dieu-hanh=win-10
Laptop Asus Vivobook X515EP-BQ189T i5 1135G7/ 8GB/512GB SSD/Nvidia MX330 2GB/Win10 (No.00773279),18999000,Asus,Intel Core i5-1135G7 4.2GHz,8,15.6,NVIDIA GeForce MX330 2 GB & Intel Iris Xe Graphics,SDD,512,Window,1.8,Trung Quốc,2021,FPTShop,https://fptshop.com.vn/may-tinh-xach-tay/asus-vivobook-x515ep-bq189t-i5-1135g7
"Laptop MSI Modern 15 A5M 234VN R5 5500U/8GB/512GB/15.6""FHD/Win 11 (No.00783936)",17999000,MSI,AMD Ryzen 5-5500U 4 GHz,8,15.6,AMD Radeon Graphics,SDD,512,Window,1.6,Trung Quốc,2021,FPTShop,https://fptshop.com.vn/may-tinh-xach-tay/msi-modern-15-a5m-234vn-r5-5500u
"Laptop Lenovo ThinkBook 14 G3 ACL R5 5500U/8GB/512GB/14""FHD/Win 10 (No.00772299)",18699000,Lenovo,AMD Ryzen 5-5500U 4 GHz,8,14,AMD Radeon Graphics,SDD,512,Window,1.4,Trung Quốc,2021,FPTShop,https://fptshop.com.vn/may-tinh-xach-tay/lenovo-thinkbook-14-g3-acl-r5-5500u
Laptop Asus Vivobook X515EA BQ993T i5 1135G7/8GB/512GB SSD/Win10 (No.00765103),18199000,Asus,Intel Core i5-1135G7 4.2GHz,8,15.6,Intel Iris Xe Graphics,SDD,512,Window,1.8,Trung Quốc,2021,FPTShop,https://fptshop.com.vn/may-tinh-xach-tay/asus-vivobook-x515ea-bq993t-i5-1135g7
Laptop HP 340s G7 i5 1035G1/8GB/256GB/14.0FHD/Win 10 (No.00773276),17199000,HP,Intel Core i5-1035G1 3.6GHz,8,14,Intel UHD Graphics,SDD,256,Window,1.3,Trung Quốc,2021,FPTShop,https://fptshop.com.vn/may-tinh-xach-tay/hp-340s-g7-i5-1035g1
"Laptop MSI Modern 14 B5M 202VN/R5 5500U/8GB/512GB/14""FHD/Win 11 (No.00783934)",16999000,MSI,AMD Ryzen 5-5500U 4 GHz,8,14,AMD Radeon Graphics,SDD,512,Window,1.3,Trung Quốc,2021,FPTShop,https://fptshop.com.vn/may-tinh-xach-tay/msi-modern-14-b5m-202vn-r5-5500u
"Laptop HP 15s fq2561TU i5 1135G7/8GB/512GB/15.6""HD/Win 11 (No.00784572)",16999000,HP,Intel Core i5-1135G7 4.2GHz,8,15.6,Intel Iris Xe Graphics,SDD,512,Window,1.8,Trung Quốc,2021,FPTShop,https://fptshop.com.vn/may-tinh-xach-tay/hp-15s-fq2561tu-i5-1135g7?he-dieu-hanh=win-11
"Laptop HP 245 G8 R5 5500U/8GB/512GB/14""FHD/Win 10 (No.00784497)",16699000,HP,AMD Ryzen 5-5500U 4 GHz,8,14,AMD Radeon Graphics,SDD,512,Window,1.5,Trung Quốc,2021,FPTShop,https://fptshop.com.vn/may-tinh-xach-tay/hp-245-g8-r5-5500u
"Laptop MSI Modern 14 B5M R5 5500U/8GB/512GB/AMD Radeon Graphics/14""FHD/Win 10 (No.00772986)",17299000,MSI,AMD Ryzen 5-5500U 4 GHz,8,14,AMD Radeon Graphics,SDD,512,Window,1.3,Trung Quốc,2021,FPTShop,https://fptshop.com.vn/may-tinh-xach-tay/msi-modern-14-b5m-r5-5500u-win-10
Laptop Acer Aspire 3 A315-57G-524Z i5 1035G1/8GB/512GB SSD/MX330-2G/Win10 (No.00732389),16999000,Acer,Intel Core i5-1035G1 3.6GHz,8,15.6,NVIDIA GeForce MX330 2 GB & Intel UHD Graphics,SDD,512,Window,1.9,Trung Quốc,2020,FPTShop,https://fptshop.com.vn/may-tinh-xach-tay/acer-aspire-3-a315-57g-524z-i5-1035g1
"Laptop HP 15s-fq2602TU/Core i5-1135G7/8GB/256GB/15.6""HD/Win 11 (No.00784573)",15999000,HP,Intel Core i5-1135G7 4.2GHz,8,15.6,Intel Iris Xe Graphics,SDD,256,Window,1.8,Trung Quốc,2021,FPTShop,https://fptshop.com.vn/may-tinh-xach-tay/hp-15s-fq2602tu-i5-1135g7?he-dieu-hanh=win-11
Laptop Asus Vivobook A515EA-BN1688T i3 1115G4/8GB/256GB SSD/Win10 (No.00773277),15999000,Asus,Intel Core i3-1115G4 4.1GHz,8,15.6,Intel UHD Graphics,SDD,256,Window,1.8,Trung Quốc,2021,FPTShop,https://fptshop.com.vn/may-tinh-xach-tay/asus-vivobook-a515ea-bn1688t-i3-1115g4
Laptop Asus Vivobook X515EA BQ1005T i3 1115G4/8GB/512GB SSD/Win10 (No.00765105),14999000,Asus,Intel Core i3-1115G4 4.1GHz,8,15.6,Intel UHD Graphics,SDD,512,Window,1.8,Trung Quốc,2021,FPTShop,https://fptshop.com.vn/may-tinh-xach-tay/asus-vivobook-x515ea-bq1005t-i3-1115g4
Laptop Lenovo IdeaPad Slim 3 15ADA05 R5 3500U/8GB/512GB SSD/15.6HD/Win 10 (No.00783879),14499000,Lenovo,AMD Ryzen 5-3500U 3.7GHz,8,15.6,AMD Radeon Graphics Vega 8,SDD,512,Window,1.9,Trung Quốc,2021,FPTShop,https://fptshop.com.vn/may-tinh-xach-tay/lenovo-ideapad-slim-3-15ada05-r5-3500u
"Laptop MSI Modern 14 B11MOU 850VN i3 1115G4/8GB/256GB/14""FHD/Win 10 (No.00776408)",14699000,MSI,Intel Core i3-1115G4 4.1GHz,8,14,Intel UHD Graphics,SDD,256,Window,1.3,Trung Quốc,2021,FPTShop,https://fptshop.com.vn/may-tinh-xach-tay/msi-modern-14-b11mou-850vn-i3-1115g4
Laptop Acer Aspire A315 57G 31YD i3 1005G1/4GB/256GB SSD/Nvidia MX330 2GB/Win10 (No.00741401),13490000,Acer,Intel Core i3-1005G1 3.4GHz,4,15.6,NVIDIA GeForce MX330 2 GB & Intel UHD Graphics,SDD,256,Window,1.7,Trung Quốc,2021,FPTShop,https://fptshop.com.vn/may-tinh-xach-tay/acer-aspire-a315-57g-31yd-i3-1005g1
"Laptop Dell Inspiron N3502 Pentium N5030/4GB/128GB/15.6""HD/Intel HD/Win 10/NK (No.00780808)",11699000,Dell,Intel Pentium N5030 3.10 GHz,4,15.6,Intel UHD Graphics 605,SDD,128,Window,1.8,Trung Quốc,2020,FPTShop,https://fptshop.com.vn/may-tinh-xach-tay/dell-inspiron-n3502-pentium-n5030-win-10-nk
"Laptop Dell Inspiron N3510 N4020/4GB/128GB/15.6""HD/Intel HD/Win 10/91K5_NK (No.00780776)",10999000,Dell,Intel Celeron N4020 2.80 GHz,4,15.6,Intel UHD Graphics 600,SDD,128,Window,1.7,Trung Quốc,2021,FPTShop,https://fptshop.com.vn/may-tinh-xach-tay/dell-inspiron-n3510-n4020-nk
Laptop Asus Flip BR1100FKA-BP0660T N6000/4GB/128GB eMMc/11.6'' HD Touch/Win10 (No.00783938),10499000,Asus,Intel Pentium N6000 2GHz,4,11.6,Intel UHD Graphics,SDD,64,Window,1.4,Trung Quốc,2021,FPTShop,https://fptshop.com.vn/may-tinh-xach-tay/asus-flip-br1100fka-bp0660t-n6000
Laptop ASUS Flip BR1100FKA-BP0531T N4500/4GB/128GB eMMc/11.6''HD Touch/Win10 (No.00774630),9699000,Asus,Intel Celeron N4500 2.4GHz,4,11.6,Intel UHD Graphics,SDD,128,Window,1.4,Trung Quốc,2021,FPTShop,https://fptshop.com.vn/may-tinh-xach-tay/asus-flip-br1100fka-bp0531t-n4500
Laptop MSI Katana Gaming GF66 11UC i7 11800H/8GB/512GB/4GB RTX3050/144Hz/Balo/Win10 (224VN),29090000,MSI,i7 11800H 2.30GHz,8,15.6,RTX 3050 4GB,SDD,512,Window,2.1,,2021,Dienmayxanh,https://www.dienmayxanh.com/laptop/msi-gf66-11uc-i7-224vn?src=osp
Laptop MSI Gaming Pulse GL66 11UDK i7 11800H/16GB/512GB/4GB RTX3050Ti/144Hz/Balo/Chuột/Win10 (816VN),32790000,MSI,i7 11800H 2.30GHz,16,15.6,RTX 3050Ti 4GB,SDD,1000,Window,2.3,,2021,Dienmayxanh,https://www.dienmayxanh.com/laptop/msi-gaming-pulse-gl66-11udk-i7-816vn?src=osp
Laptop Acer Nitro 5 Gaming AN515 57 727J i7 11800H/8GB/512GB/4GB RTX3050Ti/144Hz/Win10 (NH.QD9SV.005.),27990000,Acer,i7 11800H 2.30GHz,8,15.6,RTX 3050Ti 4GB,SDD,1000,Window,2.2,,2021,Dienmayxanh,https://www.dienmayxanh.com/laptop/acer-nitro-gaming-an515-57-727j-i7-nhqd9sv005?src=osp
Laptop Acer Nitro 5 Gaming AN515 57 5831 i5 11400H/8GB/512GB/6GB RTX3060/144Hz/Win10 (NH.QDGSV.003),31390000,Acer,i5 11400H 2.7GHz,8,15.6,RTX 3060 6GB,SDD,1000,Window,2.2,,2021,Dienmayxanh,https://www.dienmayxanh.com/laptop/acer-nitro-5-gaming-an515-57-5831-i5-nhqdgsv003?src=osp
Laptop Acer Nitro 5 Gaming AN515 57 720A i7 11800H/8GB/512GB/4GB RTX3050Ti/144Hz/Win11 (NH.QEQSV.004),28490000,Acer,i7 11800H 2.30GHz,8,15.6,RTX 3050Ti 4GB,SDD,1000,Window,2.2,,2021,Dienmayxanh,https://www.dienmayxanh.com/laptop/acer-nitro-5-gaming-an515-57-720a-i7-nhqeqsv004?src=osp
Laptop Gigabyte Gaming G5 i5 10500H/16GB/512GB/6GB RTX3060/144Hz/Win11 (KC-5S11130SB),28490000,GIGABYTE,i5 10500H 2.5GHz,16,15.6,RTX 3060 6GB,SDD,1000,Window,2.2,,2021,Dienmayxanh,https://www.dienmayxanh.com/laptop/gigabyte-gaming-g5-i5-kc5s11130sb?src=osp
Laptop Acer Nitro 5 Gaming AN515 57 71VV i7 11800H/8GB/512GB/4GB RTX3050/144Hz/Win11 (NH.QENSV.005),26990000,Acer,i7 11800H 2.30GHz,8,15.6,RTX 3050 4GB,SDD,1000,Window,2.2,,2021,Dienmayxanh,https://www.dienmayxanh.com/laptop/acer-nitro-5-gaming-an515-57-71vv-i7-nhqensv005?src=osp
Laptop MSI Katana GF76 11UC i7 11800H/8GB/512GB/4GB RTX3050/144Hz/Balo/Chuột/Win10 (441VN),28990000,MSI,i7 11800H 2.30GHz,8,17.3,RTX 3050 4GB,SDD,1000,Window,2.6,,2021,Dienmayxanh,https://www.dienmayxanh.com/laptop/msi-katana-gf76-11uc-i7-441vn?src=osp
Laptop MSI Gaming Stealth 15M A11UEK i7 11375H/16GB/512GB/6GB RTX3060 Max-Q/144Hz/Balo/Chuột/Win10 (254VN),40790000,MSI,i7 11375H 3.3GHz,16,15.6,RTX 3060 Max-Q 6GB,SDD,1000,Window,1.7,,2021,Dienmayxanh,https://www.dienmayxanh.com/laptop/msi-gaming-stealth-15m-a11uek-i7-254vn?src=osp
Laptop GIGABYTE Gaming G5 i5 11400H/16GB/512GB/4GB RTX3050Ti/144Hz/Win10 (51S1123SH),27990000,GIGABYTE,i5 11400H 2.7GHz,16,15.6,RTX 3050Ti 4GB,SDD,1000,Window,2.2,,2021,Dienmayxanh,https://www.dienmayxanh.com/laptop/gigabyte-gaming-g5-i5-md51s1123sh?src=osp
Laptop Asus TUF Gaming FX506HCB i5 11400H/8GB/512GB/4GB RTX3050/144Hz/Win11 (HN1138W),24990000,Asus,i5 11400H 2.7GHz,8,15.6,RTX 3050 4GB,SDD,512,Window,2.3,,2021,Dienmayxanh,https://www.dienmayxanh.com/laptop/asus-tuf-gaming-fx506hcb-i5-hn1138w?src=osp
Laptop Asus TUF Gaming FX516PM i7 11370H/8GB/512GB/6GB RTX3060/144Hz/Win10 (HN002T),31990000,Asus,i7 11370H 3.3GHz,8,15.6,RTX 3060 6GB,SDD,1000,Window,2,,2021,Dienmayxanh,https://www.dienmayxanh.com/laptop/asus-tuf-gaming-fx516pm-i7-hn002t?src=osp
Laptop Asus TUF Gaming FX516PE i7 11370H/8GB/512GB/4GB RTX3050Ti/144Hz/Win10 (HN005T),28990000,Asus,i7 11370H 3.3GHz,8,15.6,RTX 3050Ti 4GB,SDD,512,Window,2,,2021,Dienmayxanh,https://www.dienmayxanh.com/laptop/asus-tuf-gaming-fx516pe-i7-hn005t?src=osp
Laptop MSI Gaming GE66 Raider 11UH i7 11800H/32GB/2TB SSD/16GB RTX3080/240Hz/Balo/Chuột/Win10 (259VN),75190000,MSI,i7 11800H 4.60GHz,32,15.6,RTX 3080 16GB,SDD,1000,Window,2.4,,2021,Dienmayxanh,https://www.dienmayxanh.com/laptop/msi-gaming-ge66-raider-11uh-i7-259vn?src=osp
Laptop Acer Predator Triton 300 PT315 53 71DJ i7 11800H/16GB/512GB/8GB RTX3070/165Hz/Win10 (NH.QDSSV.001),46990000,Acer,i7 11800H 4.60GHz,16,15.6,RTX 3070 8GB,SDD,1000,Window,2,,2021,Dienmayxanh,https://www.dienmayxanh.com/laptop/acer-predator-triton-300-pt315-53-71dj-i7?src=osp
Laptop MSI Gaming GS66 Stealth 11UG i7 11800H/32GB/2TB SSD/8GB RTX3070 Max-Q/360Hz/Balo/Chuột/Win10 (219VN),62490000,MSI,i7 11800H 4.60GHz,32,15.6,RTX 3070 Max-Q 8GB,SDD,1000,Window,2.1,,2021,Dienmayxanh,https://www.dienmayxanh.com/laptop/msi-gaming-gs66-stealth-11ug-i7-219vn?src=osp
Laptop MSI Gaming GE66 Raider 11UG i7 11800H/16GB/2TB SSD/8GB RTX3070/360Hz/Balo/Chuột/Win10 (258VN),58190000,MSI,i7 11800H 4.60GHz,16,15.6,RTX 3070 8GB,SDD,1000,Window,2.4,,2021,Dienmayxanh,https://www.dienmayxanh.com/laptop/msi-gaming-ge66-raider-11ug-i7-258vn?src=osp
Laptop Dell XPS 13 9310 i7 1165G7/16GB/512GB/Touch/Pen/Office H&S2019/Win10 (JGNH62),56990000,Dell,i7 1165G7 2.8GHz,16,13.4,Intel Iris Xe,SDD,1000,Window,1.3,,2020,Dienmayxanh,https://www.dienmayxanh.com/laptop/dell-xps-13-9310-i7-jgnh62?src=osp
Laptop LG Gram 17 2021 i7 1165G7/16GB/1TB SSD/Win10 (17Z90P-G.AH78A5),52140000,LG,i7 1165G7 2.8GHz,16,17.3,Intel Iris Xe,SDD,1000,Window,1.4,,2021,Dienmayxanh,https://www.dienmayxanh.com/laptop/lg-gram-17-i7-17z90pgah78a5?src=osp
Laptop MSI Gaming Leopard GP76 11UG i7 11800H/16GB/1TB SSD/8GB RTX3070/240Hz/Balo/Chuột/Win10 (435VN),51490000,MSI,i7 11800H 2.3GHz,16,17.3,RTX 3070 8GB,SDD,1000,Window,2.9,,2021,Dienmayxanh,https://www.dienmayxanh.com/laptop/msi-gp76-11ug-i7-435vn?src=osp
Laptop LG Gram 17 2021 i7 1165G7/16GB/512GB/Win10 (17Z90P-G.AH76A5),50240000,LG,i7 1165G7 2.8GHz,16,17.3,Intel Iris Xe,SDD,512,Window,1.4,,2021,Dienmayxanh,https://www.dienmayxanh.com/laptop/lg-gram-17-i7-17z90pgah76a5?src=osp
Laptop LG Gram 16 2021 i7 1165G7/16GB/512GB/Win10 (16Z90P-G.AH75A5),48340000,LG,i7 1165G7 2.8GHz,16,16,Intel Iris Xe,SDD,512,Window,1.2,,2021,Dienmayxanh,https://www.dienmayxanh.com/laptop/lg-gram-16-i7-16z90pgah75a5?src=osp
Laptop Apple MacBook Pro M1 2020 16GB/1TB SSD (Z11C000CJ),48340000,MacBook,Apple M1 3.2GHz,16,13.3,M1 8-Core GPU,SDD,1000,Mac OS,1.4,,2020,Dienmayxanh,https://www.dienmayxanh.com/laptop/apple-macbook-pro-m1-2020-z11c000cj?src=osp
Laptop LG Gram 16 2021 i7 1165G7/16GB/256GB/Win10 (16Z90P-G.AH73A5),46440000,LG,i7 1165G7 2.8GHz,16,16,Intel Iris Xe,SDD,256,Window,1.2,,2021,Dienmayxanh,https://www.dienmayxanh.com/laptop/lg-gram-16-i7-16z90pgah73a5?src=osp
Laptop MSI Summit E16 Flip i7 1195G7/16GB/1TB SSD/4GB RTX3050/120Hz/Touch/Pen/Túi/Office365F/Win10 (082VN),44640000,MSI,i7 1195G7 2.9GHz,16,16,RTX 3050 4GB,SDD,1000,Window,1.9,,2021,Dienmayxanh,https://www.dienmayxanh.com/laptop/msi-summit-e16-flip-i7-082vn?src=osp
Laptop Acer Predator Triton 300 PT315 53 75LQ i7 11800H/16GB/512GB/6GB RTX3060/165Hz/Win10 (NH.QDQSV.001),41990000,Acer,i7 11800H 2.3GHz,16,15.6,RTX 3060 6GB,SDD,1000,Window,2,,2021,Dienmayxanh,https://www.dienmayxanh.com/laptop/acer-predator-triton-300-pt315-53-75lq-i7?src=osp
Laptop Apple MacBook Pro M1 2020 16GB/512GB (Z11C),40740000,MacBook,Apple M1 3.2GHz,16,13.3,M1 8-Core GPU,SDD,512,Mac OS,1.4,,2020,Dienmayxanh,https://www.dienmayxanh.com/laptop/apple-macbook-pro-2020-z11c?src=osp
Laptop Asus ZenBook UX371EA i7 1165G7/16GB/1TB SSD/Touch/Pen/Cáp/Túi/Office H&S2019/Win10 (HL494TS),39390000,Asus,i7 1165G7 2.8GHz,16,13.3,Intel Iris Xe,SDD,1000,Window,1.2,,2021,Dienmayxanh,https://www.dienmayxanh.com/laptop/asus-zenbook-ux371ea-i7-hl494ts?src=osp
Laptop MSI Summit E13 Flip i7 1185G7/16GB/1TB SSD/Touch/Túi/Pen/Win10 (211VN),37990000,MSI,i7 1185G7 3GHz,16,13.4,Intel Iris Xe,SDD,1000,Window,1.4,,2021,Dienmayxanh,https://www.dienmayxanh.com/laptop/msi-summit-e13-flip-i7-211vn?src=osp
Laptop Asus ZenBook Duo UX482EA i7 1165G7/16GB/1TB SSD/Touch/Pen/Túi/Stand/Win10 (KA111T),37490000,Asus,i7 1165G7 2.8GHz,16,14,Intel Iris Xe,SDD,1000,Window,1.6,,2021,Dienmayxanh,https://www.dienmayxanh.com/laptop/asus-zenbook-ux482ea-i7-ka111t?src=osp
Laptop Asus ZenBook Duo UX482EA i7 1165G7/16GB/1TB SSD/Touch/Pen/Túi/Stand/Win10 (KA268T),37490000,Asus,i7 1165G7 2.8GHz,16,14,Intel Iris Xe,SDD,1000,Window,1.6,,2021,Dienmayxanh,https://www.dienmayxanh.com/laptop/asus-zenbook-duo-ux482ea-i7-ka268t?src=osp
Laptop Acer Predator Helios PH315 54 75YD i7 11800H/16GB/512GB/6GB RTX3060/165Hz/Win10 (NH.QC2SV.002),36990000,Acer,i7 11800H 2.30GHz,16,15.6,RTX 3060 6GB,SDD,1000,Window,2.3,,2021,Dienmayxanh,https://www.dienmayxanh.com/laptop/acer-predator-helios-ph315-54-75yd-i7-nhqc2sv002?src=osp
Laptop Apple MacBook Pro M1 2020/16GB/256GB (Z11D000E5),36490000,MacBook,Apple M1 3.2GHz,16,13.3,M1 8-Core GPU,SDD,256,Mac OS,1.4,,2020,Dienmayxanh,https://www.dienmayxanh.com/laptop/apple-macbook-pro-m1-2020-z11b000ct?src=osp
Laptop Apple MacBook Pro M1 2020 8GB/512GB (MYD92SA/A),35990000,MacBook,Apple M1 3.2GHz,8,13.3,M1 8-Core GPU,SDD,512,Mac OS,1.4,,2020,Dienmayxanh,https://www.dienmayxanh.com/laptop/apple-macbook-pro-2020-myd92saa?src=osp
Laptop Apple MacBook Air M1 2020 16GB/512GB/7-core GPU (Z12A00050),35510000,MacBook,Apple M1 3.2GHz,16,13.3,M1 7-Core GPU,SDD,512,Mac OS,1.3,,2020,Dienmayxanh,https://www.dienmayxanh.com/laptop/apple-macbook-air-m1-2020-z12a00050?src=osp
Laptop MSI Prestige 15 A11SC i7 1185G7/16GB/512GB/4GB GTX1650 Max-Q/Túi/Chuột/Win10 (052VN),33240000,MSI,i7 1185G7 3GHz,16,15.6,GTX 1650 Max-Q 4GB,SDD,1000,Window,1.7,,2021,Dienmayxanh,https://www.dienmayxanh.com/laptop/msi-prestige-15-a11sc-i7-052vn?src=osp
Laptop Acer Predator Helios PH315 54 78W5 i7 11800H/8GB/512GB/4GB RTX3050Ti/144Hz/Win10 (NH.QC5SV.001),31990000,Acer,i7 11800H 2.3GHz,8,15.6,RTX 3050Ti 4GB,SDD,1000,Window,2.3,,2021,Dienmayxanh,https://www.dienmayxanh.com/laptop/acer-predator-helios-ph315-54-78w5-i7-nhqc5sv001?src=osp
Laptop Asus ZenBook Flip UX363EA i7 1165G7/16GB/512GB/OLED/Touch/Pen/Cáp/Túi/Win10 (HP163T),31790000,Asus,i7 1165G7 2.8GHz,16,13.3,Intel Iris Xe,SDD,512,Window,1.3,,2021,Dienmayxanh,https://www.dienmayxanh.com/laptop/asus-zenbook-flip-ux363ea-i7-hp163t?src=osp
Laptop MSI Gaming GF65 10UE i7 10750H/16GB/512GB/6GB RTX3060 Max-Q/Balo/Win10 (228VN),31540000,MSI,i7 10750H 2.6GHz,16,15.6,RTX 3060 Max-Q 6GB,SDD,512,Window,1.9,,2021,Dienmayxanh,https://www.dienmayxanh.com/laptop/msi-gf65-10ue-i7-228vn?src=osp
Laptop Asus TUF Gaming FX706HE i7 11800H/8GB/512GB/4GB RTX3050Ti/144Hz/Win10 (HX011T),30990000,Asus,i7 11800H 2.3GHz,8,17.3,RTX 3050Ti 4GB,SDD,512,Window,2.6,,2021,Dienmayxanh,https://www.dienmayxanh.com/laptop/asus-tuf-gaming-fx706he-i7-hx011t?src=osp
Laptop Asus ZenBook Duo UX482EA i5 1135G7/8GB/512GB/Touch/Pen/Túi/Stand/Win10 (KA274T),30840000,Asus,i5 1135G7 2.4GHz,8,14,Intel Iris Xe,SDD,512,Window,1.6,,2021,Dienmayxanh,https://www.dienmayxanh.com/laptop/asus-zenbook-ux482ea-i5-ka274t?src=osp
Laptop Apple MacBook Air M1 2020 16GB/256GB/7-core GPU (Z124000DE),30790000,MacBook,Apple M1 3.2GHz,16,13.3,M1 7-Core GPU,SDD,256,Mac OS,1.3,,2020,Dienmayxanh,https://www.dienmayxanh.com/laptop/apple-macbook-air-m1-2020-z124000de?src=osp
Laptop Asus VivoBook Pro 15 OLED K3500PC i7 11370H/16GB/512GB/4GB RTX3050/Win10 (L1046T),29890000,Asus,i7 11370H 3.3GHz,16,15.6,RTX 3050 4GB,SDD,1000,Window,1.7,,2021,Dienmayxanh,https://www.dienmayxanh.com/laptop/asus-vivobook-pro-15-oled-k3500pc-i7-l1046t?src=osp
Laptop Dell Latitude 3520 i7 1165G7/8GB/512GB/Win10 Pro (70261780),29440000,Dell,i7 1165G7 2.8GHz,8,15.6,Intel Iris Xe,SDD,1000,Window,1.8,,2021,Dienmayxanh,https://www.dienmayxanh.com/laptop/dell-latitude-3520-i7-70261780?src=osp
Laptop Asus TUF Gaming FX706HC i7 11800H/8GB/512GB/4GB RTX3050/144Hz/Win10 (HX009T),28990000,Asus,i7 11800H 2.3GHz,8,17.3,RTX 3050 4GB,SDD,1000,Window,2.6,,2021,Dienmayxanh,https://www.dienmayxanh.com/laptop/asus-tuf-gaming-fx706hc-i7-hx009t?src=osp
Laptop Dell Inspiron 7400 i5 1135G7/16GB/512GB/2GB MX350/Win10 (N4I5134W),28960000,Dell,i5 1135G7 2.4GHz,16,14,MX350 2GB,SDD,1000,Window,1.4,,2020,Dienmayxanh,https://www.dienmayxanh.com/laptop/dell-inspiron-7400-i5-n4i5134w?src=osp
Laptop Asus ZenBook UX425EA i7 1165G7/16GB/512GB/Cáp/Túi/Win10 (KI439T),28650000,Asus,i7 1165G7 2.8GHz,16,14,Intel Iris Xe,SDD,512,Window,1.2,,2020,Dienmayxanh,https://www.dienmayxanh.com/laptop/asus-zenbook-ux425ea-i7-ki439t?src=osp
Laptop MSI Gaming GF65 Thin 10UE i5 10500H/16GB/512GB/6GB RTX3060 Max-Q/144Hz/Balo/Win10 (286VN),28590000,MSI,i5 10500H 2.5GHz,16,15.6,RTX 3060 Max-Q 6GB,SDD,1000,Window,1.9,,2021,Dienmayxanh,https://www.dienmayxanh.com/laptop/msi-gaming-gf65-thin-10ue-i5-286vn?src=osp
Laptop GIGABYTE Gaming G5 i5 10500H/16GB/512GB/6GB RTX3060/144Hz/Win10 (5S11130SH),27990000,GIGABYTE,i5 10500H 2.5GHz,16,15.6,RTX 3060 6GB,SDD,1000,Window,2.2,,2021,Dienmayxanh,https://www.dienmayxanh.com/laptop/gigabyte-gaming-g5-i5-5s11130sh?src=osp
Laptop Asus Rog Zephyrus Gaming G14 GA401QH R7 5800HS/8GB/512GB/4GB GTX1650/144Hz/Túi/Win10 (HZ035T),27990000,Asus,Ryzen 7 5800HS 3GHz,8,14,GTX 1650 4GB,SDD,512,Window,1.6,,2021,Dienmayxanh,https://www.dienmayxanh.com/laptop/asus-rog-zephyrus-g14-ga401qh-r7-hz035t?src=osp
Laptop Acer Nitro 5 Gaming AN515 57 74NU i7 11800H/8GB/512GB/4GB RTX3050Ti/144Hz/Win10 (NH.QD9SV.001.),27990000,Acer,i7 11800H 2.3GHz,8,15.6,RTX 3050Ti 4GB,SDD,1000,Window,2.2,,2021,Dienmayxanh,https://www.dienmayxanh.com/laptop/acer-nitro-5-gaming-an515-57-74nu-i7-nhqd9sv001?src=osp
Laptop Asus TUF Gaming FX516PC i7 11370H/8GB/512GB/4GB RTX3050/144Hz/Win10 (HN001T),27990000,Asus,i7 11370H 3.3GHz,8,15.6,RTX 3050 4GB,SDD,1000,Window,2,,2021,Dienmayxanh,https://www.dienmayxanh.com/laptop/asus-tuf-gaming-fx516pc-i7-hn001t?src=osp
Laptop Asus TUF Gaming FX506HCB i7 11800H/8GB/512GB/4GB RTX3050/144Hz/Win10 (HN141T),27490000,Asus,i7 11800H 2.3GHz,8,15.6,RTX 3050 4GB,SDD,1000,Window,2.3,,2021,Dienmayxanh,https://www.dienmayxanh.com/laptop/asus-tuf-gaming-fx506hcb-i7-hn141t?src=osp
Laptop Acer Nitro 5 Gaming AN515 57 54AF i5 11400H/16GB/512GB/4GB RTX3050/144Hz/Win11 (NH.QENSV.004),27340000,Acer,i5 11400H 2.7GHz,16,15.6,RTX 3050 4GB,SDD,1000,Window,2.2,,2021,Dienmayxanh,https://www.dienmayxanh.com/laptop/acer-nitro-5-an515-57-54af-i5-nhqensv004?src=osp
Laptop Lenovo Yoga Duet 7 13ITL6 i5 1135G7/8GB/512GB/Touch/Pen/Win10 (82MA000PVN),27140000,Lenovo,i5 1135G7 2.4GHz,8,13.3,Intel Iris Xe,SDD,512,Window,1.2,,2021,Dienmayxanh,https://www.dienmayxanh.com/laptop/lenovo-yoga-duet-7-13itl6-i5-82ma000pvn?src=osp
Laptop Lenovo Yoga 7 14ITL5 i7 1165G7/8GB/512GB/Touch/Pen/Win10 (82BH00CKVN),27040000,Lenovo,i7 1165G7 2.8GHz,8,14,Intel Iris Xe,SDD,1000,Window,1.4,,2020,Dienmayxanh,https://www.dienmayxanh.com/laptop/lenovo-yoga-7-14itl5-i7-82bh00ckvn?src=osp
Laptop Asus VivoBook Pro 15 OLED K3500PC i5 11300H/16GB/512GB/4GB RTX3050/Win10 (L1045T),26660000,Asus,i5 11300H 3.1GHz,16,15.6,RTX 3050 4GB,SDD,1000,Window,1.7,,2021,Dienmayxanh,https://www.dienmayxanh.com/laptop/asus-vivobook-pro-15-oled-k3500pc-i5-l1045t?src=osp
Laptop Lenovo ThinkBook 14s Yoga ITL i7 1165G7/8GB/512GB/Touch/Pen/Win10 (20WE004EVN),26490000,Lenovo,i7 1165G7 2.8GHz,8,14,Intel Iris Xe,SDD,1000,Window,1.5,,2021,Dienmayxanh,https://www.dienmayxanh.com/laptop/lenovo-thinkbook-14s-yoga-itl-i7-20we004evn?src=osp
Laptop Acer Swift 5 SF514 53T 720R i7 8565U/8GB/256GB/Touch/Win10 (NX.H7HSV.002),26290000,Acer,i7 8565U 1.8GHz,8,14,Intel UHD 620,SDD,256,Window,0.9,,2018,Dienmayxanh,https://www.dienmayxanh.com/laptop/acer-swift-sf5-i7-8565u-8gb-256gb-win10?src=osp
Laptop Asus ZenBook Flip UX363EA i5 1135G7/8GB/512GB/Touch/Pen/Cáp/Túi/Win10 (HP532T),26090000,Asus,i5 1135G7 2.4GHz,8,13.3,Intel Iris Xe,SDD,512,Window,1.3,,2021,Dienmayxanh,https://www.dienmayxanh.com/laptop/asus-zenbook-flip-ux363ea-i5-hp532t?src=osp
Laptop Asus ZenBook Flip UX363EA i5 1135G7/8GB/512GB/Touch/Pen/Cáp/Túi/Win11 (HP726W),26090000,Asus,i5 1135G7 2.4GHz,8,13.3,Intel Iris Xe,SDD,512,Window,1.3,,2021,Dienmayxanh,https://www.dienmayxanh.com/laptop/asus-zenbook-flip-ux363ea-i5-hp726w?src=osp
Laptop Lenovo Yoga Slim 7 14ITL05 i7 1165G7/8GB/512GB/Win10 (82A300DQVN),26090000,Lenovo,i7 1165G7 2.8GHz,8,14,Intel Iris Xe,SDD,512,Window,1.4,,2021,Dienmayxanh,https://www.dienmayxanh.com/laptop/lenovo-yoga-slim-7-14itl05-i7-82a300dqvn?src=osp
Laptop Apple MacBook Air M1 2020 8GB/256GB/7-core GPU (MGN63SA/A),26040000,MacBook,Apple M1 3.2GHz,8,13.3,M1 7-Core GPU,SDD,256,Mac OS,1.3,,2020,Dienmayxanh,https://www.dienmayxanh.com/laptop/apple-macbook-air-2020-mgn63saa?src=osp
Laptop Asus TUF Gaming FX706HC i5 11400H/8GB/512GB/4GB RTX3050/144Hz/Win10 (HX003T),25990000,Asus,i5 11400H 2.7GHz,8,17.3,RTX 3050 4GB,SDD,512,Window,2.6,,2021,Dienmayxanh,https://www.dienmayxanh.com/laptop/asus-tuf-gaming-fx706hc-i5-hx003t?src=osp
Laptop Dell Inspiron 14 5410 i5 1155G7/8GB/512GB/2GB MX350/Touch/Pen/Office H&S2019/Win10 (N4I5547W),25920000,Dell,i5 1155G7 2.5GHz,8,14,MX350 2GB,SDD,1000,Window,1.7,,2021,Dienmayxanh,https://www.dienmayxanh.com/laptop/dell-inspiron-14-5410-i5-n4i5547w?src=osp
Laptop Gigabyte G5 i5 11400H/16GB/512GB/4GB RTX3050/144Hz/Win10 (GD-51S1123SH),25640000,GIGABYTE,i5 11400H 2.7GHz,16,15.6,RTX 3050 4GB,SDD,1000,Window,2.2,,2021,Dienmayxanh,https://www.dienmayxanh.com/laptop/gigabyte-g5-i5-gd51s1123sh?src=osp
Laptop Acer Nitro 5 Gaming AN515 57 50FT i5 11400H/16GB/512GB/4GB RTX3050/144Hz/Win10 (NH.QD8SV.003),25490000,Acer,i5 11400H 2.7GHz,16,15.6,RTX 3050 4GB,SDD,1000,Window,2.2,,2021,Dienmayxanh,https://www.dienmayxanh.com/laptop/acer-nitro-5-gaming-an515-57-50ft-i5-nhqd8sv003?src=osp
Laptop Asus VivoBook Pro 15 OLED M3500QC R5 5600H/8GB/512GB/4GB RTX3050/Win10 (L1105T),25260000,Asus,Ryzen 5 5600H 3.3GHz,8,15.6,RTX 3050 4GB,SDD,1000,Window,1.7,,2021,Dienmayxanh,https://www.dienmayxanh.com/laptop/asus-vivobook-pro-15-oled-m3500qc-r5-l1105t?src=osp
Laptop Gigabyte Gaming G5 i5 11400H/16GB/512GB/4GB RTX3050/144Hz/Win10 (51S1121SH),24990000,GIGABYTE,i5 11400H 2.7GHz,16,15.6,RTX 3050 4GB,SDD,1000,Window,2.2,,2021,Dienmayxanh,https://www.dienmayxanh.com/laptop/gigabyte-g5-i5-51s1121sh?src=osp
Laptop Asus TUF Gaming FX506HCB i5 11400H/8GB/512GB/4GB RTX3050/144Hz/Win10 (HN139T),24990000,Asus,i5 11400H 2.7GHz,8,15.6,RTX 3050 4GB,SDD,1000,Window,2.3,,2021,Dienmayxanh,https://www.dienmayxanh.com/laptop/asus-tuf-gaming-fx506hcb-i5-hn139t?src=osp
Laptop Asus TUF Gaming FX506HC i5 11400H/8GB/512GB/4GB RTX3050/144Hz/Win10 (HN002T),24990000,Asus,i5 11400H 2.7GHz,8,15.6,RTX 3050 4GB,SDD,512,Window,2.3,,2020,Dienmayxanh,https://www.dienmayxanh.com/laptop/asus-tuf-gaming-fx506hc-i5-hn002t?src=osp
Laptop Acer Nitro 5 Gaming AN515 57 54MV i5 11400H/8GB/512GB/4GB RTX3050/144Hz/Win11 (NH.QENSV.003),24960000,Acer,i5 11400H 2.7GHz,8,15.6,RTX 3050 4GB,SDD,1000,Window,2.2,,2021,Dienmayxanh,https://www.dienmayxanh.com/laptop/acer-nitro-5-gaming-an515-57-54mv-i5-nhqensv003?src=osp
Laptop MSI Gaming Bravo 15 B5DD R7 5800H/8GB/512GB/4GB RX5500M/Balo/Chuột/Win11 (278VN),24740000,MSI,Ryzen 7 5800H 3.2GHz,8,15.6,"AMD Radeon RX 5500M, 4GB",SDD,1000,Window,2.4,,2021,Dienmayxanh,https://www.dienmayxanh.com/laptop/msi-gaming-bravo-15-b5dd-r7-278vn?src=osp
Laptop Lenovo Ideapad Gaming 3 15IMH05 i7 10750H/8GB/512GB/4GB GTX1650Ti/120Hz/Win10 (81Y4013UVN),24640000,Lenovo,i7 10750H 2.6GHz,8,15.6,GTX 1650Ti 4GB,SDD,512,Window,2.2,,2020,Dienmayxanh,https://www.dienmayxanh.com/laptop/lenovo-ideapad-gaming-3-15imh05-i7-81y4013uvn?src=osp
Laptop MSI Gaming Bravo 15 B5DD R7 5800H/8GB/512GB/4GB RX5500M/144Hz/Balo/Chuột/Win10 (083VN),24240000,MSI,Ryzen 7 5800H 3.2GHz,8,15.6,"AMD Radeon RX 5500M, 4GB",SDD,1000,Window,2.4,,2021,Dienmayxanh,https://www.dienmayxanh.com/laptop/msi-gaming-bravo-15-b5dd-r7-083vn?src=osp
Laptop Acer Nitro 5 Gaming AN515 56 5256 i5 11300H/16GB/512GB/4GB GTX1650/144Hz/Win10 (NH.QBZSV.005),23990000,Acer,i5 11300H 3.1GHz,16,15.6,GTX 1650 4GB,SDD,1000,Window,2.2,,2021,Dienmayxanh,https://www.dienmayxanh.com/laptop/acer-nitro-5-gaming-an515-56-5256-i5-nhqbzsv005?src=osp
Laptop Lenovo ThinkBook 14s G2 ITL i7 1165G7/8GB/512GB/Win10 (20VA000MVN),23740000,Lenovo,i7 1165G7 2.8GHz,8,14,Intel Iris Xe,SDD,512,Window,1.3,,2020,Dienmayxanh,https://www.dienmayxanh.com/laptop/lenovo-thinkbook-14s-g2-itl-i7-20va000mvn?src=osp
Laptop Lenovo ThinkBook 14s Yoga ITL i5 1135G7/8GB/512GB/Touch/Pen/Win10 (20WE004CVN),23550000,Lenovo,i5 1135G7 2.4GHz,8,14,Intel Iris Xe,SDD,1000,Window,1.5,,2021,Dienmayxanh,https://www.dienmayxanh.com/laptop/lenovo-thinkbook-14s-yoga-itl-i5-20we004cvn?src=osp
Laptop Dell Latitude 3520 i5 1135G7/8GB/256GB/Win10 (70251593),23450000,Dell,i5 1135G7 2.4GHz,8,15.6,Intel Iris Xe,SDD,1000,Window,1.8,,2021,Dienmayxanh,https://www.dienmayxanh.com/laptop/dell-latitude-3520-i5-70251593?src=osp
Laptop Dell Inspiron 14 5410 i5 11320H/8GB/512GB/Office H&S2019/Win10 (P143G001ASL),23260000,Dell,i5 11320H 3.2GHz,8,14,Intel Iris Xe,SDD,1000,Window,1.4,,2021,Dienmayxanh,https://www.dienmayxanh.com/laptop/dell-inspiron-14-5410-i5-p143g001asl?src=osp
Laptop Dell Inspiron 15 5515 R7 5700U/8GB/512GB/Office H&S2019/Win10 (N5R75700U104W),23070000,Dell,Ryzen 7 5700U 1.8GHz,8,15.6,Radeon,SDD,1000,Window,1.8,,2021,Dienmayxanh,https://www.dienmayxanh.com/laptop/dell-inspiron-15-5515-r7-n5r75700u104w?src=osp
Laptop Asus ZenBook UX325EA i5 1135G7/8GB/512GB/OLED/Cáp/Túi/Win10 (KG363T),22570000,Asus,i5 1135G7 2.4GHz,8,13.3,Intel Iris Xe,SDD,1000,Window,1.1,,2021,Dienmayxanh,https://www.dienmayxanh.com/laptop/asus-zenbook-ux325ea-i5-kg363t?src=osp
Laptop Lenovo ThinkBook 14s G2 ITL i5 1135G7/8GB/512GB/Win10 (20VA000NVN),22500000,Lenovo,i5 1135G7 2.4GHz,8,14,Intel Iris Xe,SDD,512,Window,1.3,,2020,Dienmayxanh,https://www.dienmayxanh.com/laptop/lenovo-thinkbook-14s-g2-itl-i5-20va000nvn?src=osp
Laptop Lenovo Yoga Slim 7 14ITL05 i5 1135G7/8GB/512GB/Win10 (82A300DPVN),22390000,Lenovo,i5 1135G7 2.4GHz,8,14,Intel Iris Xe,SDD,512,Window,1.4,,2021,Dienmayxanh,https://www.dienmayxanh.com/laptop/lenovo-yoga-slim-7-14itl05-i5-82a300dpvn?src=osp
Laptop Asus ZenBook UX425EA i5 1135G7/8GB/512GBCáp/Túi/Win10 (KI429T),22290000,Asus,i5 1135G7 2.4GHz,8,14,Intel Iris Xe,SDD,512,Window,1.2,,2020,Dienmayxanh,https://www.dienmayxanh.com/laptop/asus-zenbook-ux425ea-i5-ki429t?src=osp
Laptop MSI Gaming GF63 Thin 10SC i7 10750H/8GB/512GB/4GB GTX1650 Max-Q/144Hz/Balo/Chuột/Win10 (480VN),21990000,MSI,i7 10750H 2.6GHz,8,15.6,GTX 1650 Max-Q 4GB,SDD,1000,Window,1.9,,2021,Dienmayxanh,https://www.dienmayxanh.com/laptop/msi-gaming-gf63-thin-10sc-i7-480vn?src=osp
Laptop MSI Gaming Modern 14 B11SBU i5 1155G7/8GB/512GB/2GB MX450/Túi/Chuột/Win10 (669VN),21990000,MSI,i5 1155G7 2.5GHz,8,14,MX450 2GB,SDD,1000,Window,1.3,,2021,Dienmayxanh,https://www.dienmayxanh.com/laptop/msi-gaming-modern-14-b11sbu-i5-669vn?src=osp
Laptop Lenovo Ideapad 5 Pro 14ITL6 i5 1135G7/8GB/512GB/2GB MX450/Win10 (82L30094VN),21910000,Lenovo,i5 1135G7 2.4GHz,8,14,MX450 2GB,SDD,1000,Window,1.4,,2021,Dienmayxanh,https://www.dienmayxanh.com/laptop/lenovo-ideapad-5-pro-14itl6-i5-82l30094vn?src=osp
Laptop Dell Inspiron 15 5510 i5 11300H/8GB/256GB/Office H&S2019/Win10 (0WT8R1),21840000,Dell,i5 11300H 3.1GHz,8,15.6,Intel Iris Xe,SDD,1000,Window,1.8,,2021,Dienmayxanh,https://www.dienmayxanh.com/laptop/dell-inspiron-15-5510-i5-0wt8r1?src=osp
Laptop Dell Vostro 5510 i5 11300H/8GB/512GB/OfficeH&S 2019/Win10 (70253901),21840000,Dell,i5 11300H 3.1GHz,8,15.6,Intel Iris Xe,SDD,1000,Window,1.8,,2021,Dienmayxanh,https://www.dienmayxanh.com/laptop/dell-vostro-5510-i5-70253901?src=osp
Laptop MSI Gaming Bravo 15 B5DD R5 5600H/8GB/512GB/4GB RX5500M/144Hz/Balo/Chuột/Win10 (084VN),21340000,MSI,Ryzen 5 5600H 3.3GHz,8,15.6,"AMD Radeon RX 5500M, 4GB",SDD,1000,Window,2.4,,2021,Dienmayxanh,https://www.dienmayxanh.com/laptop/msi-gaming-bravo-15-b5dd-r5-084vn?src=osp
Laptop Asus TUF Gaming FX506LH i5 10300H/8GB/512GB/144Hz/4GB GTX1650/Win10 (HN002T),20990000,Asus,i5 10300H 2.5GHz,8,15.6,GTX 1650 4GB,SDD,512,Window,2.3,,2020,Dienmayxanh,https://www.dienmayxanh.com/laptop/asus-uf-gaming-fx506lh-i5-hn002t?src=osp
Laptop MSI Modern 14 B11MOU i7 1195G7/8GB/512GB/Túi/Chuột/Win10 (847VN),20890000,MSI,i7 1195G7 2.9GHz,8,14,Intel Iris Xe,SDD,1000,Window,1.3,,2021,Dienmayxanh,https://www.dienmayxanh.com/laptop/msi-modern-14-b11mou-i7-847vn?src=osp
Laptop Lenovo IdeaPad Gaming 3 15IMH05 i5 10300H/8GB/512GB/4GB GTX1650Ti/120Hz/Win10 (81Y4013VVN),20840000,Lenovo,i5 10300H 2.5GHz,8,15.6,GTX 1650Ti 4GB,SDD,512,Window,2.2,,2020,Dienmayxanh,https://www.dienmayxanh.com/laptop/lenovo-ideapad-gaming-3-15imh05-i5-81y4013vvn?src=osp
Laptop Dell Vostro 5415 R5 5500U/8GB/512GB/Office H&S2019/Win10 (V4R55500U015W),20130000,Dell,Ryzen 5 5500U 2.1GHz,8,14,Radeon,SDD,1000,Window,1.4,,2021,Dienmayxanh,https://www.dienmayxanh.com/laptop/dell-vostro-5415-r5-v4r55500u015w?src=osp
Laptop Dell Vostro 5402 i5 1135G7/8GB/256GB/Win10 (V4I5003W),19940000,Dell,i5 1135G7 2.4GHz,8,14,Intel Iris Xe,SDD,256,Window,1.4,,2020,Dienmayxanh,https://www.dienmayxanh.com/laptop/dell-vostro-5402-i5-v4i5003w?src=osp
Laptop Acer Aspire 7 Gaming A715 42G R4ST R5 5500U/8GB/256GB/4GB GTX1650/Win10 (NH.QAYSV.004),18990000,Acer,Ryzen 5 5500U 2.1GHz,8,15.6,GTX 1650 4GB,SDD,256,Window,2.1,,2021,Dienmayxanh,https://www.dienmayxanh.com/laptop/acer-aspire-7-a715-42g-r4st-r5-nhqaysv004?src=osp
Laptop MSI Modern 15 A11MU i5 1155G7/8GB/512GB/Túi/Chuột/Win10 (680VN),18040000,MSI,i5 1155G7 2.5GHz,8,15.6,Intel Iris Xe,SDD,1000,Window,1.6,,2021,Dienmayxanh,https://www.dienmayxanh.com/laptop/msi-modern-15-a11mu-i5-680vn?src=osp
Laptop MSI Modern 14 B11MOL i3 1115G4/8GB/256GB/Win10 (813VN),13950000,MSI,i3 1115G4 3GHz,8,14,Intel UHD,SDD,1000,Window,1.3,,2021,Dienmayxanh,https://www.dienmayxanh.com/laptop/msi-modern-14-b11mol-i3-813vn?src=osp
Laptop MSI Modern 14 B11MOU i3 1115G4/8GB/256GB/Win10 (849VN),13480000,MSI,i3 1115G4 3GHz,8,14,Intel UHD,SDD,1000,Window,1.3,,2021,Dienmayxanh,https://www.dienmayxanh.com/laptop/msi-modern-14-b11mou-i3-849vn?src=osp
"Laptop Apple MacBook Air 13"" 2019 MVFL2SA/A (Core i5/8GB/256GB SSD/UHD 617/macOS/1.3 kg)",32190000,Macbook,Intel Core i5 3.6GHz,8,13.3,Intel UHD Graphics 617,SDD,256,Mac OS,1.3,,2021,Phongvu,https://phongvu.vn/may-tinh-xach-tay-laptop-macbook-air-2019-mvfl2saa-bac-s190800125.html?sku=190800125
"Hàng sắp về
Laptop Acer Aspire 3 A315-56-37DV (NX.HS5SV.001) (15.6"" FHD/i3-1005G1/4GB/256GB SSD/Intel UHD/Win10/1.7kg)",11990000,ACER,Intel Core i3-1005G1 3.4GHz,4,15.6,Intel UHD Graphics,SDD,256,Window,1.7,,2021,Phongvu,https://phongvu.vn/may-tinh-xach-tay-laptop-acer-aspire-3-a3155637dv-nxhs5sv001-i31005g1-den-s200400313.html?sku=200400313
Laptop ASUS Zenbook UX363EA- HP130T ( 13.3 inch/Full HD/Intel EVO Core i5-1135G7/8GB/512GB SSD/Windows 10 Home 64-bit/1.3kg),27490000,ASUS,Intel Core i5-1135G7  4.2GHz,8,13.3,Intel Iris Xe Graphics,SDD,512,Window,1.3,,2020,Phongvu,https://phongvu.vn/may-tinh-xach-tay-laptop-asus-zenbook-ux363ea-hp130t-i5-1135g7-xam-s201201496.html?sku=201201496
"Laptop ACER Aspire 7 A715-42G-R4ST NH.QAYSV.004 ( 15.6"" Full HD/AMD Ryzen 5 5500U/8GB/256GB SSD/NVIDIA GeForce GTX 1650/Windows 10 Home 64-bit/2.1kg)",18990000,ACER,AMD Ryzen 5 5500U  4.0GHz,8,15.6,NVIDIA GeForce GTX 1650 4GB GDDR6 / AMD Radeon Graphics,SDD,256,Window,2.1,,2020,Phongvu,https://phongvu.vn/may-tinh-xach-tay-laptop-acer-aspire-7-a715-42g-r4st-nh-qaysv-004-amd-ryzen-5-5500h-den-s210300340.html?sku=210300340
"Laptop ACER Nitro 5 AN515-45-R9SC (NH.QBRSV.001) ( 15.6"" Full HD/ 144Hz/Ryzen 7 5800H/8GB/512GB SSD/NVIDIA GeForce RTX 3070/Windows 10 Home 64-bit/2.2kg)",37490000,ACER,Ryzen 7 5800H 4.4GHz,8,15.6,NVIDIA GeForce RTX 3070 8GB GDDR6 / AMD Radeon Graphics,SDD,512,Window,2.2,,2020,Phongvu,https://phongvu.vn/may-tinh-xach-tay-laptop-acer-nitro-5-an515-45-r9sc-nh-qbrsv-001-amd-ryzen-7-5800h-den-s210400696.html?sku=210400696
"Laptop LG Gram 2021 14ZD90P G.AX56A5 ( 14"" WUXGA/Intel Core i5-1135G7/16GB/512GB SSD/Free DOS/1kg)",37900000,LG,"Intel Core i5-1135G7 ( 4.2 GHz / 8MB / 4 nhân, 8 luồng )",16,14,Intel Iris Xe Graphics,SDD,512,Window,1,,2021,Phongvu,https://phongvu.vn/may-tinh-xach-tay-laptop-lg-gram-2021-14zd90p-g-ax56a5-i5-1135g7-bac-s210500986.html?sku=210500986
"Laptop LG Gram 2021 14Z90P G.AH75A5 ( 14"" WUXGA/Intel Core i7-1165G7/16GB/512GB SSD/Windows 10 Home 64-bit/1kg)",47900000,LG,"Intel Core i7-1165G7 ( 4.7 GHz / 12MB / 4 nhân, 8 luồng )",16,14,Intel Iris Xe Graphics,SDD,512,Window,1,,2021,Phongvu,https://phongvu.vn/may-tinh-xach-tay-laptop-lg-gram-2021-14z90p-g-ah75a5-i7-1165g7-den-s210500987.html?sku=210500987
"Laptop LG Gram 2021 16Z90P G.AH75A5 ( 16"" Quad HD+ (2K)/Intel Core i7-1165G7/16GB/512GB SSD/Windows 10 Home 64-bit/1.1kg)",50900000,LG,"Intel Core i7-1165G7 ( 4.7 GHz / 12MB / 4 nhân, 8 luồng )",16,16,Intel Iris Xe Graphics,SDD,512,Window,1.1,,2020,Phongvu,https://phongvu.vn/may-tinh-xach-tay-laptop-lg-gram-2021-16z90p-g-ah75a5-i7-1165g7-den-s210500990.html?sku=210500990
"Laptop LG Gram 2021 17Z90P G.AH76A5 ( 17"" Quad HD+ (2K)/Intel Core i7-1165G7/16GB/512GB SSD/Windows 10 Home 64-bit/1.35kg)",52900000,LG,"Intel Core i7-1165G7 ( 4.7 GHz / 12MB / 4 nhân, 8 luồng )",16,17,Intel Iris Xe Graphics,SDD,512,Window,1.4,,2020,Phongvu,https://phongvu.vn/may-tinh-xach-tay-laptop-lg-gram-2021-17z90p-g-ah76a5-i7-1165g7-bac-s210500992.html?sku=210500992
"Laptop Lenovo Yoga Slim 9 14ITL5 82D1004JVN ( 14"" Ultra HD (4K)/Intel Core i7-1165G7/16GB/1TB SSD/Windows 10 Home 64-bit/1.2kg)",48990000,Lenovo,"Intel Core i7-1165G7 ( 4.7 GHz / 12MB / 4 nhân, 8 luồng )",16,14,Intel Iris Xe Graphics,SDD,1000,Window,1.2,,2020,Phongvu,https://phongvu.vn/may-tinh-xach-tay-laptop-lenovo-yoga-slim-9-14itl5-82d1004jvn-i7-1165g7-den-s210600187.html?sku=210600187
Laptop Doanh Nghiệp Dell Latitude 3520 70251603 ( 15.6inch HD/Intel Core i3-1115G4/4GB/256GB SSD/Fedora/1.8kg),15390000,Dell,"Intel Core i3-1115G4 (  4.10 GHz / 6MB / 2 nhân, 4 luồng )",4,15.6,Intel UHD Graphics,SDD,256,Window,1.8,,2021,Phongvu,https://phongvu.vn/may-tinh-xach-tay-laptop-dell-latitude-3520-3520-70251603-i3-1115g4-apollo-s210601910.html?sku=210601910
Laptop Doanh Nghiệp Dell Latitude 3420 L3420I5SSD ( 14inch HD/Intel Core i5-1135G7/8GB/256GB SSD/Fedora/1.5kg),19990000,Dell,"Intel Core i5-1135G7 ( 4.2 GHz / 8MB / 4 nhân, 8 luồng )",8,14,Intel Iris Xe Graphics,SDD,256,Window,1.5,,2021,Phongvu,https://phongvu.vn/may-tinh-xach-tay-laptop-dell-latitude-3420-l3420i5ssd-i5-1135g7-xam-dam-s210602259.html?sku=210602259
"Laptop HP ProBook 430 G8 2H0N8PA ( 13.3"" Full HD/Intel Core i5-1135G7/8GB/256GB SSD/Windows 10 Home SL 64-bit/1.2kg)",20290000,HP,"Intel Core i5-1135G7 ( 4.2 GHz / 8MB / 4 nhân, 8 luồng )",8,13.3,Intel Iris Xe Graphics,SDD,256,Window,1.2,,2020,Phongvu,https://phongvu.vn/may-tinh-xach-tay-laptop-hp-probook-430-g8-2h0n8pa-i5-1135g7-bac-s210602726.html?sku=210602726
Laptop Doanh Nghiệp Dell Latitude 3420 L3420I3SSD ( 14inch Intel Core i3-1115G4/8GB/256GB SSD/Fedora/1.5kg),17190000,Dell,"Intel Core i3-1115G4 4.10 GHz / 6MB / 2 nhân, 4 luồng )",8,14,Intel UHD Graphics,SDD,256,Window,1.5,,2020,Phongvu,https://phongvu.vn/may-tinh-xach-tay-laptop-dell-latitude-3420-l3420i3ssd-i3-1115g4-xam-dam-s210701155.html?sku=210701155
"Laptop ASUS X515EA-EJ1046T 90NB0TY2-M17200 ( 15.6"" Full HD/Intel Core i5-1135G7/8GB/512GB SSD/Windows 10 Home 64-bit/1.8kg)",17690000,ASUS,"Intel Core i5-1135G7 ( 4.2 GHz / 8MB / 4 nhân, 8 luồng )",4,15.6,Intel Iris Xe Graphics,SDD,512,Window,1.8,,2021,Phongvu,https://phongvu.vn/may-tinh-xach-tay-laptop-asus-x515ea-ej1046t-i5-1135g7-bac-s210701316.html?sku=210701316
"Laptop ACER Aspire 3 A315-58-3939 NX.ADDSV.001 ( 15.6"" Full HD/Intel Core i3-1115G4/4GB/256GB SSD/Windows 10 Home 64-bit/1.7kg)",12990000,ACER,"Intel Core i3-1115G4  4.10 GHz / 6MB / 2 nhân, 4 luồng )",4,15.6,Intel UHD Graphics,SDD,256,Window,1.7,,2021,Phongvu,https://phongvu.vn/may-tinh-xach-tay-laptop-acer-aspire-3-a315-58-3939-nx-addsv-001-i3-1115g4-den-s210801044.html?sku=210801044
"Laptop ASUS ROG Zephyrus G14 Alan Walker Edition GA401QEC-K2064T 90NR05R7-M02570 ( 14"" WQHD/ 120Hz/AMD Ryzen 9 5900HS/16GB/1TB SSD/NVIDIA GeForce RTX 3050Ti/Windows 10 Home 64-bit/1.7kg)",49990000,ASUS,"AMD Ryzen 9 5900HS 4.6 GHz / 16MB / 8 nhân, 16 luồng )",16,14,NVIDIA GeForce RTX 3050Ti 4GB GDDR6 / AMD Radeon Graphics,SDD,1000,Window,1.7,,2020,Phongvu,https://phongvu.vn/may-tinh-xach-tay-laptop-asus-rog-zephyrus-g14-alan-walker-edition-ga401qec-k2064t-amd-ryzen-9-5900hs-xam-s210801106.html?sku=210801106
"Laptop ASUS ROG Zephyrus G14 GA401QE-K2097T 90NR05R6-M01500 ( 14"" WQHD/ 120Hz/AMD Ryzen 9 5900HS/16GB/1TB SSD/NVIDIA GeForce RTX 3050Ti/Windows 10 Home 64-bit/1.7kg)",39990000,ASUS,"AMD Ryzen 9 5900HS  4.6 GHz / 16MB / 8 nhân, 16 luồng )",16,14,NVIDIA GeForce RTX 3050Ti 4GB GDDR6 / AMD Radeon Graphics,SDD,1000,Window,1.7,,2021,Phongvu,https://phongvu.vn/may-tinh-xach-tay-laptop-asus-rog-zephyrus-g14-ga401qe-k2097t-amd-ryzen-9-5900hs-xam-s210801181.html?sku=210801181
"Laptop ASUS ROG Flow X13 GV301QC-K6052T 90NR04G1-M00900 ( 13.4"" WUXGA/ 120Hz/AMD Ryzen 9 5900HX/16GB/512GB SSD/NVIDIA GeForce RTX 3050/Windows 10 Home 64-bit/1.3kg)",38990000,ASUS,"AMD Ryzen 9 5900HX - 4.6 GHz / 16MB / 8 nhân, 16 luồng )",16,13.4,NVIDIA GeForce RTX 3050 4GB GDDR6 / AMD Radeon Graphics,SDD,512,Window,1.3,,2021,Phongvu,https://phongvu.vn/may-tinh-xach-tay-laptop-asus-rog-flow-x13-gv301qc-k6052t-amd-ryzen-9-5900hs-den-s210801185.html?sku=210801185
"Laptop ASUS M513UA-L1240T 90NB0TP2-M03450 ( 15.6"" Full HD/AMD Ryzen 7 5700U/8GB/512GB SSD/Windows 10 Home 64-bit/1.8kg)",20490000,ASUS,"AMD Ryzen 7 5700U (z - 4.3 GHz / 8MB / 8 nhân, 16 luồng )",4,15.6,AMD Radeon Graphics,SDD,512,Window,1.8,,2020,Phongvu,https://phongvu.vn/may-tinh-xach-tay-laptop-asus-m513ua-l1240t-amd-ryzen-7-5700u-bac-s210900377.html?sku=210900377
"Laptop Lenovo IdeaPad 5 Pro 16ACH6 82L50095VN ( 16"" WUXGA/AMD Ryzen 5 5600H/8GB/512GB SSD/NVIDIA GeForce GTX 1650/Windows 10 Home 64-bit/1.9kg)",23790000,Lenovo,"AMD Ryzen 5 5600H  4.2 GHz / 16MB / 6 nhân, 12 luồng )",8,16,NVIDIA GeForce GTX 1650 4GB GDDR6 / AMD Radeon Graphics,SDD,512,Window,1.9,,2020,Phongvu,https://phongvu.vn/may-tinh-xach-tay-laptop-lenovo-ideapad-5-pro-16ach6-82l50095vn-amd-ryzen-5-5600h-xam-s210900508.html?sku=210900508
"Laptop Dell Vostro 3400 3400-70253899 ( 14"" Intel Core i3-1115G4/8GB/256GB SSD/Windows 10 Home SL 64-bit + Office/1.63kg)",15690000,Dell,"Intel Core i3-1115G4  4.10 GHz / 6MB / 2 nhân, 4 luồng )",8,14,Intel UHD Graphics,SDD,256,Window,1.6,,2020,Phongvu,https://phongvu.vn/may-tinh-xach-tay-laptop-dell-vostro-3400-3400-70253899-i3-1115g4-den-s210901940.html?sku=210901940
"Laptop Dell Vostro 3400 3400-70253900 ( 14"" Intel Core i5-1135G7/8GB/256GB SSD/Windows 10 Home SL 64-bit + Office/1.5kg)",18390000,Dell,"Intel Core i5-1135G7  4.2 GHz / 8MB / 4 nhân, 8 luồng )",8,14,Intel Iris Xe Graphics,SDD,256,Window,1.5,,2021,Phongvu,https://phongvu.vn/may-tinh-xach-tay-laptop-dell-vostro-3400-3400-70253900-i5-1135g7-den-s210901941.html?sku=210901941
"Laptop ASUS ROG Flow GV301QC-K6029T 90NR04G5-M00510 ( 13.4"" WUXGA/ 120Hz/AMD Ryzen 9 5980HS/32GB/1TB SSD/NVIDIA GeForce RTX 3050/Windows 10 Home 64-bit/1.3kg)",76990000,ASUS,"AMD Ryzen 9 5980HS  4.8 GHz / 16MB / 8 nhân, 16 luồng )",32,13.4,NVIDIA GeForce RTX 3050 4GB GDDR6 / AMD Radeon Graphics,SDD,1000,Window,1.3,,2021,Phongvu,https://phongvu.vn/may-tinh-xach-tay-laptop-asus-rog-flow-gv301qc-k6029t-amd-ryzen-9-5980hs-den-s210902962.html?sku=210902962
"Laptop Dell Inspiron 15 3511 P112F001BBL ( 15.6"" Intel Core i5-1135G7/4GB/512GB SSD/Windows 10 Home SL 64-bit/1.7kg)",18990000,Dell,Intel Core i5-1135G7 4.2 GHz,4,15.6,Intel Iris Xe Graphics,SDD,512,Window,1.7,,2020,Phongvu,https://phongvu.vn/may-tinh-xach-tay-laptop-dell-inspiron-15-3511-p112f001bbl-i5-1135g7-den-s210902970.html?sku=210902970
"Laptop Dell Inspiron 5410 2-in-1 N4I5547W ( 14"" Full HD/Intel Core i5-1155G7/8GB/512GB SSD/NVIDIA GeForce MX350/Windows 10 Home SL 64-bit/1.6kg)",26490000,Dell,Intel Core i5-1155G7 4.5 GHz,8,14,NVIDIA GeForce MX350 2GB GDDR5 / Intel Iris Xe Graphics,SDD,512,Window,1.6,,2021,Phongvu,https://phongvu.vn/may-tinh-xach-tay-laptop-dell-inspiron-5410-5410-n4i5547w-i5-1155g7-bac-s210903005.html?sku=210903005
"Laptop Dell Vostro 15 3510 3510-7T2YC1 ( 15.6"" Full HD/Intel Core i5-1135G7/8GB/512GB SSD/Windows 10 Home SL 64-bit + Office/1.7kg)",20390000,Dell,Intel Core i5-1135G7  4.2 GHz,8,15.6,Intel Iris Xe Graphics,SDD,512,Window,1.7,,2021,Phongvu,https://phongvu.vn/may-tinh-xach-tay-laptop-dell-vostro-15-3400-3400-v3510-i5-1135g7-den-s211000019.html?sku=211000019
"Laptop Lenovo Ideapad 1 11IGL05 81VT006FVN ( 11.6"" Intel Pentium Silver N5030/4GB/256GB SSD/Windows 11/1.2kg)",9490000,Lenovo,Intel Pentium Silver N5030 3.1 GHz,4,11.6,Intel UHD Graphics 605,SDD,256,Window,1.2,,2020,Phongvu,https://phongvu.vn/may-tinh-xach-tay-laptop-lenovo-ideapad-1-11igl05-81vt006fvn-n5030-xam-s211000648.html?sku=211000648
Laptop Doanh Nghiệp Dell Latitude 3520 3520-70251594 ( 15.6inch Full HD/Intel Core i5-1135G7/8GB/256GB SSD/Linux/1.8kg),20390000,Dell,Intel Core i5-1135G7 4.2 GHz,8,15.6,Intel Iris Xe Graphics,SDD,256,Window,1.8,,2020,Phongvu,https://phongvu.vn/may-tinh-xach-tay-laptop-dell-latitude-3520-3520-70251594-i5-1135g7-den-s211001489.html?sku=211001489
"Laptop ACER Aspire 7 A715-42G-R1SB NH.QAYSV.005 ( 15.6"" Full HD/ 144Hz/AMD Ryzen 5 5500U/8GB/256GB SSD/NVIDIA GeForce GTX 1650/Windows 10 Home 64-bit/2.1kg)",20490000,ACER,AMD Ryzen 5 5500U 4.0 GHz,8,15.6,NVIDIA GeForce GTX 1650 4GB GDDR6 / AMD Radeon Graphics,SDD,256,Window,2.1,,2020,Phongvu,https://phongvu.vn/may-tinh-xach-tay-laptop-acer-aspire-7-a715-42g-r1sb-nh-qaysv-005-amd-ryzen-5-5500u-den-s211001889.html?sku=211001889
"Laptop ASUS UX371EA-HL494TS 90NB0RZ2-M12520 ( 13.3"" Ultra HD (4K)/Intel Core i7-1165G7/16GB/1TB SSD/Windows 10 Home 64-bit/1.2kg)",40990000,ASUS,Intel Core i7-1165G7 4.7 GHz,16,13.3,Intel Iris Xe Graphics,SDD,1000,Window,1.2,,2021,Phongvu,https://phongvu.vn/may-tinh-xach-tay-laptop-asus-ux371ea-hl494ts-i7-1165g7-den-s211002810.html?sku=211002810
"Laptop MSI Modern 15 A10M 667VN ( 15.6"" Full HD/Intel Core i5-10210U/8GB/512GB SSD/Windows 10 Home 64-bit/1.6kg)",17990000,MSI,Intel Core i5-10210U 4.2 GHz,8,15.6,Intel UHD Graphics,SDD,512,Window,1.6,,2021,Phongvu,https://phongvu.vn/may-tinh-xach-tay-laptop-msi-modern-15-a10m-667vn-i5-10210u-xam-s211005812.html?sku=211005812
"Laptop ACER TravelMate P2 TMP214-53-51CU NX.VPNSV.01S ( 14"" Full HD/Intel Core i5-1135G7/8GB/512GB SSD/Windows 10 Pro 64-bit/1.6kg)",22490000,ACER,Intel Core i5-1135G7 4.2 GHz,8,14,Intel Iris Xe Graphics,SDD,512,Window,1.6,,2020,Phongvu,https://phongvu.vn/may-tinh-xach-tay-laptop-acer-travelmate-p2-tmp214-53-51cu-nx-vpnsv-01s-i5-1135g7-den-s211006748.html?sku=211006748
"Laptop ACER TravelMate P2 TMP214-53-5571 NX.VPNSV.01V ( 14"" Full HD/Intel Core i5-1135G7/16GB/512GB SSD/1.6kg)",19490000,ACER,Intel Core i5-1135G7  4.2 GHz,16,14,Intel Iris Xe Graphics,SDD,512,Window,1.6,,2020,Phongvu,https://phongvu.vn/may-tinh-xach-tay-laptop-acer-travelmate-p2-tmp214-53-5571-nx-vpnsv-01v-i5-1135g7-den-s211006749.html?sku=211006749
"Laptop ACER Swift 3 SF314-43-R4X3 NX.AB1SV.004 ( 14"" Full HD/AMD Ryzen 5 5500U/16GB/512GB SSD/Windows 11 Home/1.1kg)",19990000,ACER,AMD Ryzen 5 5500U 4.0 GHz,16,14,AMD Radeon Graphics,SDD,512,Window,1.1,,2021,Phongvu,https://phongvu.vn/may-tinh-xach-tay-laptop-acer-swift-3-sf314-43-r4x3-nx-ab1sv-004-amd-ryzen-5-5500u-bac-s211012728.html?sku=211012728
"Laptop Dell Inspiron 14 5415 5415-70262929 ( 14"" Full HD/AMD Ryzen 5 5500U/8GB/256GB SSD/Windows 10 Home 64-bit/1.4kg)",19090000,Dell,AMD Ryzen 5 5500U 4.0 GHz,8,14,AMD Radeon Graphics,SDD,256,Window,1.4,,2021,Phongvu,https://phongvu.vn/may-tinh-xach-tay-laptop-dell-inspiron-14-5415-5415-70262929-amd-ryzen-5-5500u-bac-s211100957.html?sku=211100957
"Laptop Dell Inspiron 14 5410 P143G001ASL ( 14"" Full HD/Intel Core i5-11320H/8GB/512GB SSD/Windows 10 Home SL 64-bit/1.4kg)",23990000,Dell,Intel Core i5-11320H 4.5 GHz,8,14,Intel Iris Xe Graphics,SDD,512,Window,1.4,,2021,Phongvu,https://phongvu.vn/may-tinh-xach-tay-laptop-dell-inspiron-14-5410-5410-p143g001asl-i5-11320h-bac-s211104712.html?sku=211104712
"Laptop Dell Vostro 5515 5515-K4Y9X1 ( 15.6"" Full HD/AMD Ryzen 5 5500U/8GB/512GB SSD/Windows 10 Home SL 64-bit + Office/1.7kg)",21790000,Dell,AMD Ryzen 5 5500U 4.0 GHz ,8,15.6,AMD Radeon Graphics,SDD,512,Window,1.7,,2020,Phongvu,https://phongvu.vn/may-tinh-xach-tay-laptop-dell-vostro-5515-5515-k4y9x1-amd-ryzen-5-5500u-xam-s211104864.html?sku=211104864
"Laptop Dell Vostro 5415 V4R55500U015W ( 14"" Full HD/AMD Ryzen 5 5500U/8GB/512GB SSD/Windows 10 Home SL 64-bit + Office Home and Student 2019/1.4kg)",20890000,Dell,AMD Ryzen 5 5500U 4.0 GHz,8,14,AMD Radeon Graphics,SDD,512,Window,1.4,,2020,Phongvu,https://phongvu.vn/may-tinh-xach-tay-laptop-dell-vostro-5415-v4r55500u015w-amd-ryzen-5-5500u-xam-s211105066.html?sku=211105066
"Laptop Dell Vostro 5410 V4I5214W ( 14"" Full HD/Intel Core i5-11320H/8GB/512GB SSD/Windows 10 Home SL 64-bit + Office Home and Student 2019/1.4kg)",23390000,Dell,Intel Core i5-11320H 4.5 GHz,8,14,Intel Iris Xe Graphics,SDD,512,Window,1.4,,2020,Phongvu,https://phongvu.vn/may-tinh-xach-tay-laptop-dell-vostro-5410-v4i5214w-i5-11320h-xam-s211105067.html?sku=211105067
